{
  "curve_data": {
    "0.0015": {
      "sample_steps": [
        200,
        400,
        600,
        800,
        1000,
        1200,
        1400,
        1600,
        1800,
        2000
      ],
      "D_cov_mean": [
        NaN,
        1.0,
        1.525379501604137,
        1.966669016771355,
        2.5013146468059304,
        2.9689853688358703,
        3.0804401200979066,
        3.122137061953726,
        3.2172645972946867,
        3.176720349632908
      ],
      "D_cov_std": [
        0.0,
        0.0,
        0.41932258263310923,
        0.5203199112203712,
        0.01336828544247322,
        0.054278015779178644,
        0.10219226656594443,
        0.013707868277422696,
        0.03578342908761631,
        0.0845122696203495
      ],
      "runs": [
        {
          "seed": 1,
          "sample_steps": [
            200,
            400,
            600,
            800,
            1000,
            1200,
            1400,
            1600,
            1800,
            2000
          ],
          "D_cov": [
            NaN,
            1.0,
            1.8218853432886648,
            2.334590754381662,
            2.49186184151672,
            3.007365721862678,
            3.008179275424304,
            3.1124441353391488,
            3.2425673026566484,
            3.236479548574923
          ],
          "n_samples": 10
        },
        {
          "seed": 2,
          "sample_steps": [
            200,
            400,
            600,
            800,
            1000,
            1200,
            1400,
            1600,
            1800,
            2000
          ],
          "D_cov": [
            NaN,
            1.0,
            1.2288736599196088,
            1.5987472791610482,
            2.5107674520951404,
            2.930605015809063,
            3.152700964771509,
            3.131829988568304,
            3.1919618919327255,
            3.116961150690893
          ],
          "n_samples": 10
        }
      ],
      "elapsed_seconds": 1.3446572000393644
    },
    "0.002": {
      "sample_steps": [
        200,
        400,
        600,
        800,
        1000,
        1200,
        1400,
        1600,
        1800,
        2000
      ],
      "D_cov_mean": [
        NaN,
        1.0,
        1.5007973770550818,
        1.946676190344913,
        2.493847989439667,
        2.9849731859988102,
        3.1096383572311437,
        3.0872927983996585,
        3.1893299310088965,
        3.137434421245356
      ],
      "D_cov_std": [
        0.0,
        0.0,
        0.38002405536883904,
        0.5116450253424034,
        0.04168474037922381,
        0.023463534611311208,
        0.15828842804826881,
        0.07284371548715185,
        0.12210937778138475,
        0.1650865951936384
      ],
      "runs": [
        {
          "seed": 1,
          "sample_steps": [
            200,
            400,
            600,
            800,
            1000,
            1200,
            1400,
            1600,
            1800,
            2000
          ],
          "D_cov": [
            NaN,
            1.0,
            1.7695149636204,
            2.3084638573248895,
            2.4643724268455167,
            3.001564410433074,
            2.997711536374854,
            3.138801083587447,
            3.275674300084584,
            3.2541682721897764
          ],
          "n_samples": 10
        },
        {
          "seed": 2,
          "sample_steps": [
            200,
            400,
            600,
            800,
            1000,
            1200,
            1400,
            1600,
            1800,
            2000
          ],
          "D_cov": [
            NaN,
            1.0,
            1.2320797904897638,
            1.5848885233649366,
            2.5233235520338164,
            2.968381961564547,
            3.2215651780874337,
            3.03578451321187,
            3.1029855619332096,
            3.020700570300936
          ],
          "n_samples": 10
        }
      ],
      "elapsed_seconds": 1.4279507999890484
    },
    "0.0025": {
      "sample_steps": [
        200,
        400,
        600,
        800,
        1000,
        1200,
        1400,
        1600,
        1800,
        2000
      ],
      "D_cov_mean": [
        NaN,
        1.0,
        1.4812602896714862,
        1.9373982965901226,
        2.494373033413548,
        3.001990319584722,
        3.1356403675105318,
        3.05936801603389,
        3.167153362355486,
        3.103805788504782
      ],
      "D_cov_std": [
        0.0,
        0.0,
        0.3442000732075587,
        0.5083233981697873,
        0.05343604525292204,
        0.012341693000353959,
        0.18748979938477237,
        0.14858391752400602,
        0.19652635029571133,
        0.24164641082376462
      ],
      "runs": [
        {
          "seed": 1,
          "sample_steps": [
            200,
            400,
            600,
            800,
            1000,
            1200,
            1400,
            1600,
            1800,
            2000
          ],
          "D_cov": [
            NaN,
            1.0,
            1.724646495521457,
            2.2968372184717687,
            2.4565880434554153,
            3.010717214396595,
            3.003065058962254,
            3.164432711690377,
            3.3061184773314265,
            3.274675604247656
          ],
          "n_samples": 10
        },
        {
          "seed": 2,
          "sample_steps": [
            200,
            400,
            600,
            800,
            1000,
            1200,
            1400,
            1600,
            1800,
            2000
          ],
          "D_cov": [
            NaN,
            1.0,
            1.2378740838215154,
            1.5779593747084766,
            2.53215802337168,
            2.993263424772849,
            3.26821567605881,
            2.9543033203774023,
            3.028188247379546,
            2.9329359727619075
          ],
          "n_samples": 10
        }
      ],
      "elapsed_seconds": 1.39524139999412
    }
  },
  "sweep_data": [
    {
      "alpha": 0.0015,
      "sample_steps": [
        200,
        400,
        600,
        800,
        1000,
        1200,
        1400,
        1600,
        1800,
        2000
      ],
      "D_cov_mean": [
        NaN,
        1.0,
        1.525379501604137,
        1.966669016771355,
        2.5013146468059304,
        2.9689853688358703,
        3.0804401200979066,
        3.122137061953726,
        3.2172645972946867,
        3.176720349632908
      ],
      "D_cov_std": [
        0.0,
        0.0,
        0.41932258263310923,
        0.5203199112203712,
        0.01336828544247322,
        0.054278015779178644,
        0.10219226656594443,
        0.013707868277422696,
        0.03578342908761631,
        0.0845122696203495
      ],
      "runs": [
        {
          "seed": 1,
          "sample_steps": [
            200,
            400,
            600,
            800,
            1000,
            1200,
            1400,
            1600,
            1800,
            2000
          ],
          "D_cov": [
            NaN,
            1.0,
            1.8218853432886648,
            2.334590754381662,
            2.49186184151672,
            3.007365721862678,
            3.008179275424304,
            3.1124441353391488,
            3.2425673026566484,
            3.236479548574923
          ],
          "n_samples": 10
        },
        {
          "seed": 2,
          "sample_steps": [
            200,
            400,
            600,
            800,
            1000,
            1200,
            1400,
            1600,
            1800,
            2000
          ],