{
  "curve_data": {
    "0.0015": {
      "sample_steps": [
        200,
        300,
        400,
        500,
        600,
        800,
        1000
      ],
      "D_cov_mean": [
        1.0,
        1.785360735992011,
        2.291306126599049,
        2.552755029319886,
        2.908971880896488,
        3.16852381506006,
        3.509879745998711
      ],
      "D_cov_std": [
        0.0,
        0.24247656991692984,
        0.3756803642139652,
        0.3829115037483252,
        0.5092184197793694,
        0.5053023399487472,
        0.48646853591653255
      ],
      "D_occ_mean": [
        NaN,
        NaN,
        NaN,
        NaN,
        NaN,
        NaN,
        NaN
      ],
      "D_occ_std": [
        0.0,
        0.0,
        0.0,
        0.0,
        0.0,
        0.0,
        0.0
      ],
      "D_spec_mean": [
        NaN,
        NaN,
        NaN,
        NaN,
        NaN,
        NaN,
        NaN
      ],
      "D_spec_std": [
        0.0,
        0.0,
        0.0,
        0.0,
        0.0,
        0.0,
        0.0
      ],
      "runs": [
        {
          "seed": 3,
          "sample_steps": [
            200,
            300,
            400,
            500,
            600,
            800,
            1000
          ],
          "D_cov": [
            1.0,
            1.45516150907056,
            1.8032888181381128,
            2.044996592783412,
            2.1782410633533305,
            2.5172776012580265,
            2.8939765478063997
          ],
          "D_occ": [
            NaN,
            NaN,
            NaN,
            NaN,
            NaN,
            NaN,
            NaN
          ],
          "D_spec": [
            NaN,
            NaN,
            NaN,
            NaN,
            NaN,
            NaN,
            NaN
          ],
          "n_samples": 10
        },
        {
          "seed": 1,
          "sample_steps": [
            200,
            300,
            400,
            500,
            600,
            800,
            1000
          ],
          "D_cov": [
            1.0,
            1.756458290941153,
            2.2511514138047284,
            2.8058178813141654,
            2.9439188481529817,
            3.101122637235771,
            3.3463215628878604
          ],
          "D_occ": [
            NaN,
            NaN,
            NaN,
            NaN,
            NaN,
            NaN,
            NaN
          ],
          "D_spec": [
            NaN,
            NaN,
            NaN,
            NaN,
            NaN,
            NaN,
            NaN
          ],
          "n_samples": 10
        },
        {
          "seed": 4,
          "sample_steps": [
            200,
            300,
            400,
            500,
            600,
            800,
            1000
          ],
          "D_cov": [
            1.0,
            1.9329680696659295,
            2.4068137541550976,
            2.473258312620691,
            3.2386457416501884,
            3.328975972231068,
            3.906200506178268
          ],
          "D_occ": [
            NaN,
            NaN,
            NaN,
            NaN,
            NaN,
            NaN,
            NaN
          ],
          "D_spec": [
            NaN,
            NaN,
            NaN,
            NaN,
            NaN,
            NaN,
            NaN
          ],
          "n_samples": 10
        },
        {
          "seed": 2,
          "sample_steps": [
            200,
            300,
            400,
            500,
            600,
            800,
            1000
          ],
          "D_cov": [
            1.0,
            1.9968550742904017,
            2.703970520298257,
            2.886947330561276,
            3.2750818704294513,
            3.7267190495153737,
            3.8930203671223165
          ],
          "D_occ": [
            NaN,
            NaN,
            NaN,
            NaN,
            NaN,
            NaN,
            NaN
          ],
          "D_spec": [
            NaN,
            NaN,
            NaN,
            NaN,
            NaN,
            NaN,
            NaN
          ],
          "n_samples": 10
        }
      ],
      "elapsed_seconds": 13.919377999962308
    },
    "0.002": {
      "sample_steps": [
        200,
        300,
        400,
        500,
        600,
        800,
        1000
      ],
      "D_cov_mean": [
        1.0,
        1.75804639439973,
        2.260377544317767,
        2.526819104304266,
        2.9015854545197914,
        3.16744466471366,
        3.5416132428740097
      ],
      "D_cov_std": [
        0.0,
        0.26341768506474983,
        0.33874700186743234,
        0.3778214061155997,
        0.5101674891747301,
        0.4807486986042477,
        0.46841239544005003
      ],
      "D_occ_mean": [
        NaN,
        NaN,
        NaN,
        NaN,
        NaN,
        NaN,
        NaN
      ],
      "D_occ_std": [
        0.0,
        0.0,
        0.0,
        0.0,
        0.0,
        0.0,
        0.0
      ],
      "D_spec_mean": [
        NaN,
        NaN,
        NaN,
        NaN,
        NaN,
        NaN,
        NaN
      ],
      "D_spec_std": [
        0.0,
        0.0,
        0.0,
        0.0,
        0.0,
        0.0,
        0.0
      ],
      "runs": [
        {
          "seed": 1,
          "sample_steps": [
            200,
            300,
            400,
            500,
            600,
            800,
            1000
          ],
          "D_cov": [
            1.0,
            1.791076648033717,
            2.308778529822811,
            2.8189061220110325,
            3.02659695191904,
            3.1713946695323076,
            3.454706020798458
          ],
          "D_occ": [
            NaN,
            NaN,
            NaN,
            NaN,
            NaN,
            NaN,
            NaN
          ],
          "D_spec": [
            NaN,
            NaN,
            NaN,
            NaN,
            NaN,
            NaN,
            NaN
          ],
          "n_samples": 10
        },
        {
          "seed": 2,
          "sample_steps": [
            200,
            300,
            400,
            500,
            600,
            800,
            1000
          ],
          "D_cov": [
            1.0,
            1.9935845260962635,
            2.5649382390349316,
            2.813530549080481,
            3.2086825617081036,
            3.667133388553566,
            3.861401616089096
          ],
          "D_occ": [
            NaN,
            NaN,
            NaN,
            NaN,
            NaN,
            NaN,
            NaN
          ],
          "D_spec": [
            NaN,
            NaN,
            NaN,
            NaN,
            NaN,
            NaN,
            NaN
          ],
          "n_samples": 10
        },
        {
          "seed": 3,
          "sample_steps": [
            200,
            300,
            400,
            500,
            600,
            800,
            1000
          ],
          "D_cov": [
            1.0,
            1.383415647279372,
            1.7782353329104035,
            2.0215206648744664,
            2.148168532467338,
            2.517613035588554,
            2.9146355812687714
          ],
          "D_occ": [
            NaN,
            NaN,
            NaN,
            NaN,
            NaN,
            NaN,
            NaN
          ],
          "D_spec": [
            NaN,
            NaN,
            NaN,
            NaN,
            NaN,
            NaN,
            NaN
          ],
          "n_samples": 10
        },
        {
          "seed": 4,
          "sample_steps": [
            200,
            300,
            400,
            500,
            600,
            800,
            1000
          ],