{
  "summary": {
    "0.001": {
      "D_cov_stats": {
        "mean": 3.6779768068451033,
        "std": 0.014758749008851857,
        "ci_95_lo": 3.667540795339114,
        "ci_95_hi": 3.6884128183510927
      },
      "D_occ_stats": {
        "mean": NaN,
        "std": 0.0,
        "ci_95_lo": NaN,
        "ci_95_hi": NaN
      },
      "D_spec_stats": {
        "mean": NaN,
        "std": 0.0,
        "ci_95_lo": NaN,
        "ci_95_hi": NaN
      },
      "runs": [
        {
          "seed": 1,
          "D_cov": 3.6884128183510927,
          "D_occ": NaN,
          "D_spec": NaN,
          "n_samples": 10
        },
        {
          "seed": 2,
          "D_cov": 3.667540795339114,
          "D_occ": NaN,
          "D_spec": NaN,
          "n_samples": 10
        }
      ],
      "elapsed_seconds": 0.5431157000130042
    },
    "0.002": {
      "D_cov_stats": {
        "mean": 3.74067218483027,
        "std": 0.026105360878407476,
        "ci_95_lo": 3.7222129071278265,
        "ci_95_hi": 3.7591314625327144
      },
      "D_occ_stats": {
        "mean": NaN,
        "std": 0.0,
        "ci_95_lo": NaN,
        "ci_95_hi": NaN
      },
      "D_spec_stats": {
        "mean": NaN,
        "std": 0.0,
        "ci_95_lo": NaN,
        "ci_95_hi": NaN
      },
      "runs": [
        {
          "seed": 1,
          "D_cov": 3.7222129071278265,
          "D_occ": NaN,
          "D_spec": NaN,
          "n_samples": 10
        },
        {
          "seed": 2,
          "D_cov": 3.7591314625327144,
          "D_occ": NaN,
          "D_spec": NaN,
          "n_samples": 10
        }
      ],
      "elapsed_seconds": 0.5448802999453619
    },
    "0.003": {
      "D_cov_stats": {
        "mean": 3.7674777138184226,
        "std": 0.02006727192838312,
        "ci_95_lo": 3.753288009757948,
        "ci_95_hi": 3.7816674178788965
      },
      "D_occ_stats": {
        "mean": NaN,
        "std": 0.0,
        "ci_95_lo": NaN,
        "ci_95_hi": NaN
      },
      "D_spec_stats": {
        "mean": NaN,
        "std": 0.0,
        "ci_95_lo": NaN,
        "ci_95_hi": NaN
      },
      "runs": [
        {
          "seed": 1,
          "D_cov": 3.7816674178788965,
          "D_occ": NaN,
          "D_spec": NaN,
          "n_samples": 10
        },
        {
          "seed": 2,
          "D_cov": 3.753288009757948,
          "D_occ": NaN,
          "D_spec": NaN,
          "n_samples": 10
        }
      ],
      "elapsed_seconds": 0.792778399947565
    },
    "0.005": {
      "D_cov_stats": {
        "mean": 3.796140723431495,
        "std": 0.10346044775523676,
        "ci_95_lo": 3.7229831392391706,
        "ci_95_hi": 3.8692983076238194
      },
      "D_occ_stats": {
        "mean": NaN,
        "std": 0.0,
        "ci_95_lo": NaN,
        "ci_95_hi": NaN
      },
      "D_spec_stats": {
        "mean": NaN,
        "std": 0.0,
        "ci_95_lo": NaN,
        "ci_95_hi": NaN
      },
      "runs": [
        {
          "seed": 1,
          "D_cov": 3.8692983076238194,
          "D_occ": NaN,
          "D_spec": NaN,
          "n_samples": 10
        },
        {
          "seed": 2,
          "D_cov": 3.7229831392391706,
          "D_occ": NaN,
          "D_spec": NaN,
          "n_samples": 10
        }
      ],
      "elapsed_seconds": 0.6187832999858074
    },
    "0.01": {
      "D_cov_stats": {
        "mean": 3.7949802713315517,
        "std": 0.40661213697904863,
        "ci_95_lo": 3.507462071960913,
        "ci_95_hi": 4.08249847070219
      },
      "D_occ_stats": {
        "mean": NaN,
        "std": 0.0,
        "ci_95_lo": NaN,
        "ci_95_hi": NaN
      },
      "D_spec_stats": {
        "mean": NaN,
        "std": 0.0,
        "ci_95_lo": NaN,
        "ci_95_hi": NaN
      },
      "runs": [
        {
          "seed": 1,
          "D_cov": 4.08249847070219,
          "D_occ": NaN,
          "D_spec": NaN,
          "n_samples": 10
        },
        {
          "seed": 2,
          "D_cov": 3.507462071960913,
          "D_occ": NaN,
          "D_spec": NaN,
          "n_samples": 10
        }
      ],
      "elapsed_seconds": 0.47709479997865856
    }
  },
  "sweep_data": [
    {
      "alpha": 0.001,
      "D_cov_stats": {
        "mean": 3.6779768068451033,
        "std": 0.014758749008851857,
        "ci_95_lo": 3.667540795339114,
        "ci_95_hi": 3.6884128183510927
      },
      "D_occ_stats": {
        "mean": NaN,
        "std": 0.0,
        "ci_95_lo": NaN,
        "ci_95_hi": NaN
      },
      "D_spec_stats": {
        "mean": NaN,
        "std": 0.0,
        "ci_95_lo": NaN,
        "ci_95_hi": NaN
      },
      "runs": [
        {
          "seed": 1,
          "D_cov": 3.6884128183510927,
          "D_occ": NaN,
          "D_spec": NaN,
          "n_samples": 10
        },
        {
          "seed": 2,
          "D_cov": 3.667540795339114,
          "D_occ": NaN,
          "D_spec": NaN,
          "n_samples": 10
        }
      ],
      "elapsed_seconds": 0.5431157000130042
    },
    {
      "alpha": 0.002,
      "D_cov_stats": {
        "mean": 3.74067218483027,
        "std": 0.026105360878407476,
        "ci_95_lo": 3.7222129071278265,
        "ci_95_hi": 3.7591314625327144
      },
      "D_occ_stats": {
        "mean": NaN,
        "std": 0.0,
        "ci_95_lo": NaN,
        "ci_95_hi": NaN
      },
      "D_spec_stats": {
        "mean": NaN,
        "std": 0.0,
        "ci_95_lo": NaN,
        "ci_95_hi": NaN
      },
      "runs": [
        {
          "seed": 1,
          "D_cov": 3.7222129071278265,
          "D_occ": NaN,
          "D_spec": NaN,
          "n_samples": 10
        },
        {
          "seed": 2,
          "D_cov": 3.7591314625327144,
          "D_occ": NaN,
          "D_spec": NaN,
          "n_samples": 10
        }
      ],
      "elapsed_seconds": 0.5448802999453619
    },
    {
      "alpha": 0.003,
      "D_cov_stats": {
        "mean": 3.7674777138184226,
        "std": 0.02006727192838312,
        "ci_95_lo": 3.753288009757948,
        "ci_95_hi": 3.7816674178788965
      },
      "D_occ_stats": {
        "mean": NaN,
        "std": 0.0,
        "ci_95_lo": NaN,
        "ci_95_hi": NaN
      },
      "D_spec_stats": {
        "mean": NaN,
        "std": 0.0,
        "ci_95_lo": NaN,
        "ci_95_hi": NaN
      },
      "runs": [
        {
          "seed": 1,
          "D_cov": 3.7816674178788965,
          "D_occ": NaN,
          "D_spec": NaN,
          "n_samples": 10
        },
        {
          "seed": 2,
          "D_cov": 3.753288009757948,
          "D_occ": NaN,
          "D_spec": NaN,
          "n_samples": 10
        }
      ],
      "elapsed_seconds": 0.792778399947565
    },
    {
      "alpha": 0.005,
      "D_cov_stats": {
        "mean": 3.796140723431495,
        "std": 0.10346044775523676,
        "ci_95_lo": 3.7229831392391706,
        "ci_95_hi": 3.8692983076238194
      },
      "D_occ_stats": {
        "mean": NaN,
        "std": 0.0,
        "ci_95_lo": NaN,
        "ci_95_hi": NaN
      },
      "D_spec_stats": {
        "mean": NaN,
        "std": 0.0,
        "ci_95_lo": NaN,
        "ci_95_hi": NaN
      },
      "runs": [
        {
          "seed": 1,
          "D_cov": 3.8692983076238194,
          "D_occ": NaN,
          "D_spec": NaN,
          "n_samples": 10
        },
        {
          "seed": 2,
          "D_cov": 3.7229831392391706,
          "D_occ": NaN,
          "D_spec": NaN,
          "n_samples": 10
        }
      ],
      "elapsed_seconds": 0.6187832999858074
    },
    {
      "alpha": 0.01,
      "D_cov_stats": {
        "mean": 3.7949802713315517,
        "std": 0.40661213697904863,
        "ci_95_lo": 3.507462071960913,
        "ci_95_hi": 4.08249847070219
      },
      "D_occ_stats": {
        "mean": NaN,
        "std": 0.0,
        "ci_95_lo": NaN,
        "ci_95_hi": NaN
      },
      "D_spec_stats": {
        "mean": NaN,
        "std": 0.0,
        "ci_95_lo": NaN,
        "ci_95_hi": NaN
      },