{
  "D_cov_stats": {
    "ci_95_hi": 6.343286061985358,
    "ci_95_lo": 6.055631037880722,
    "mean": 6.212339322469618,
    "std": 0.18765323133629105
  },
  "D_occ_stats": {
    "ci_95_hi": 0.03887405234142821,
    "ci_95_lo": 0.012464489558773686,
    "mean": 0.025675203363278158,
    "std": 0.017063440398861294
  },
  "burn_in": 0,
  "elapsed_seconds": 62.063350400014315,
  "fast_mode": false,
  "max_memory": 3000,
  "n_seeds": 5,
  "regime": {
    "alpha": 0.0015,
    "amplitude_att": 0.35,
    "amplitude_rep": 1.0,
    "dim": 7,
    "epsilon": 0.03,
    "eta": 0.15,
    "memory_factor": 6.0,
    "sigma_att": 3.0,
    "sigma_rep": 1.0
  },
  "runs": [
    {
      "D_cov": 5.915533554642519,
      "D_occ": 0.008611911672926376,
      "n_samples": 100,
      "occupancy_counts": [
        100.0,
        100.0,
        100.0,
        100.0,
        100.0,
        100.0,
        100.0,
        100.0,
        99.0,
        96.0
      ],
      "occupancy_scales": [
        0.005850228666258049,
        0.007960932667777438,
        0.010833157566373063,
        0.01474165248663385,
        0.020060293289857083,
        0.02729784650940267,
        0.03714663655629017,
        0.05054877156591162,
        0.06878626286799142,
        0.09360365866012878
      ],
      "residence": {
        "knot_count": 5.0,
        "max_residence": 2.04,
        "mean_residence": 1.3702994652406417,
        "visited_voxels": 8.0
      },
      "seed": 1
    },
    {
      "D_cov": 6.26630154560497,
      "D_occ": 0.0194595010888738,
      "n_samples": 100,
      "occupancy_counts": [
        100.0,
        100.0,
        100.0,
        100.0,
        100.0,
        100.0,
        100.0,
        99.0,
        96.0,
        93.0
      ],
      "occupancy_scales": [
        0.005909610028892466,
        0.008041738232247082,
        0.0109431169704618,
        0.01489128414414294,
        0.020263910553104968,
        0.027574926845093266,
        0.037523684706342895,
        0.05106185491808761,
        0.06948446156288844,
        0.09455376046227945
      ],
      "residence": {
        "knot_count": 4.0,
        "max_residence": 1.9545454545454546,
        "mean_residence": 1.4684295967190706,
        "visited_voxels": 9.0
      },
      "seed": 2
    },
    {
      "D_cov": 6.389201050246224,
      "D_occ": 0.04677422942493866,
      "n_samples": 100,
      "occupancy_counts": [
        100.0,
        100.0,
        100.0,
        100.0,
        100.0,
        100.0,
        100.0,
        100.0,
        98.0,
        78.0
      ],
      "occupancy_scales": [
        0.007764815186648897,
        0.010566282859193957,
        0.01437849205380506,
        0.019566108204404666,
        0.0266253643868837,
        0.03623152960867032,
        0.04930350318250045,
        0.06709171410431218,
        0.09129773364770621,
        0.12423704298638236
      ],
      "residence": {
        "knot_count": 5.0,
        "max_residence": 2.3333333333333335,
        "mean_residence": 1.280952380952381,
        "visited_voxels": 7.0
      },
      "seed": 3
    },
    {
      "D_cov": 6.154797129939689,
      "D_occ": 0.04068115088419498,
      "n_samples": 100,
      "occupancy_counts": [
        100.0,
        100.0,
        100.0,
        100.0,
        100.0,
        100.0,
        100.0,
        98.0,
        99.0,
        81.0
      ],
      "occupancy_scales": [
        0.007158582041051721,
        0.009741326856891061,
        0.013255900175287449,
        0.01803849640184094,
        0.02454660552180663,
        0.0334027753322996,
        0.045454162650264675,
        0.06185357000077982,
        0.084169719532147,
        0.11453731265682754
      ],
      "residence": {
        "knot_count": 4.0,
        "max_residence": 2.739130434782609,
        "mean_residence": 1.5841415830546266,
        "visited_voxels": 10.0
      },
      "seed": 4
    },
    {
      "D_cov": 6.335863331914687,
      "D_occ": 0.012849223745456991,
      "n_samples": 100,
      "occupancy_counts": [
        100.0,
        100.0,
        100.0,
        100.0,
        100.0,
        100.0,
        100.0,
        100.0,
        100.0,
        93.0
      ],
      "occupancy_scales": [
        0.005977710888296095,
        0.00813440920072682,
        0.0110692226976755,
        0.015062887556700062,
        0.0204974267609085,
        0.02789269336555095,
        0.03795609820977194,
        0.05165027888949422,
        0.07028518301904146,
        0.09564337421273753
      ],
      "residence": {
        "knot_count": 2.0,
        "max_residence": 3.55,
        "mean_residence": 2.525,
        "visited_voxels": 3.0
      },
      "seed": 5
    }
  ],
  "sample_every": 200,
  "seed_list": [
    1,
    2,
    3,
    4,
    5
  ],
  "steps": 20000,
  "steps_per_second": 1611.2568747171106,
  "voxel_size": 0.5
}