{
  "D_cov_stats": {
    "ci_95_hi": 3.840981213605375,
    "ci_95_lo": 2.7209216587611116,
    "mean": 3.335316511462546,
    "std": 0.5678908661264549
  },
  "D_occ_stats": {
    "ci_95_hi": NaN,
    "ci_95_lo": NaN,
    "mean": NaN,
    "std": NaN
  },
  "burn_in": 0,
  "elapsed_seconds": 42.20804510000744,
  "fast_mode": false,
  "legacy_regime": {
    "alpha": 0.002,
    "amplitude_att": 0.35,
    "amplitude_rep": 1.0,
    "dim": 7,
    "epsilon": 0.03,
    "eta": 0.15,
    "memory_factor": 6.0,
    "sigma_att": 3.0,
    "sigma_rep": 1.0
  },
  "max_memory": 3000,
  "n_seeds": 3,
  "runs": [
    {
      "D_cov": 2.7209216587611116,
      "D_occ": NaN,
      "n_samples": 10,
      "occupancy_counts": [
        10.0,
        10.0,
        10.0,
        10.0,
        10.0,
        10.0,
        10.0,
        10.0,
        10.0,
        10.0
      ],
      "occupancy_scales": [
        0.005123753396653611,
        0.006972352385525728,
        0.009487907403915372,
        0.012911049517828479,
        0.017569227075617203,
        0.023908028515292803,
        0.03253380612749432,
        0.044271678045906135,
        0.060244456775808565,
        0.08198005434645778
      ],
      "residence": {
        "knot_count": 2.0,
        "max_residence": 1.5,
        "mean_residence": 1.375,
        "visited_voxels": 4.0
      },
      "seed": 1
    },
    {
      "D_cov": 3.444046662021151,
      "D_occ": NaN,
      "n_samples": 10,
      "occupancy_counts": [
        10.0,
        10.0,
        10.0,
        10.0,
        10.0,
        10.0,
        10.0,
        10.0,
        10.0,
        10.0
      ],
      "occupancy_scales": [
        0.0033895528978160226,
        0.004612469688410124,
        0.006276602628095921,
        0.008541138091381142,
        0.011622695304859923,
        0.015816047545927064,
        0.021522319342780052,
        0.029287356942214664,
        0.03985394245850333,
        0.05423284636505636
      ],
      "residence": {
        "knot_count": 1.0,
        "max_residence": 2.6666666666666665,
        "mean_residence": 2.6666666666666665,
        "visited_voxels": 3.0
      },
      "seed": 2
    },
    {
      "D_cov": 3.840981213605375,
      "D_occ": NaN,
      "n_samples": 10,
      "occupancy_counts": [
        10.0,
        10.0,
        10.0,
        10.0,
        10.0,
        10.0,
        10.0,
        10.0,
        10.0,
        10.0
      ],
      "occupancy_scales": [
        0.0035796276467707448,
        0.004871121506073366,
        0.006628573435098987,
        0.009020096445904222,
        0.0122744570441949,
        0.01670295840331036,
        0.022729218768553328,
        0.030929693612023135,
        0.04208881777569838,
        0.057274042348331916
      ],
      "residence": {
        "knot_count": 2.0,
        "max_residence": 1.6666666666666667,
        "mean_residence": 1.3333333333333335,
        "visited_voxels": 4.0
      },
      "seed": 3
    }
  ],
  "sample_every": 2000,
  "seed_list": [
    1,
    2,
    3
  ],
  "steps": 20000,
  "steps_per_second": 1421.5299442993967,
  "voxel_size": 0.5
}