{
  "D_cov_stats": {
    "ci_95_hi": 4.3003228710970145,
    "ci_95_lo": 3.097437224423257,
    "mean": 3.675378783159489,
    "std": 0.7599440671651336
  },
  "D_occ_stats": {
    "ci_95_hi": 0.042551710624393516,
    "ci_95_lo": 0.021487608259928445,
    "mean": 0.030309257932050006,
    "std": 0.014131136496748341
  },
  "burn_in": 0,
  "elapsed_seconds": 23.638681600015843,
  "fast_mode": false,
  "max_memory": 3000,
  "n_seeds": 5,
  "regime": {
    "alpha": 0.006,
    "amplitude_att": 0.35,
    "amplitude_rep": 1.0,
    "dim": 7,
    "epsilon": 0.03,
    "eta": 0.15,
    "memory_factor": 4.0,
    "sigma_att": 3.0,
    "sigma_rep": 1.0
  },
  "runs": [
    {
      "D_cov": 3.0232017968274696,
      "D_occ": 0.020633247671931712,
      "n_samples": 100,
      "occupancy_counts": [
        100.0,
        100.0,
        100.0,
        100.0,
        100.0,
        100.0,
        100.0,
        100.0,
        100.0,
        89.0
      ],
      "occupancy_scales": [
        0.008108106348643439,
        0.011033430039584376,
        0.01501418126549,
        0.02043114772688426,
        0.027802501518829556,
        0.037833366046656186,
        0.05148326618922653,
        0.07005791380661507,
        0.09533410854112019,
        0.12972970157829503
      ],
      "residence": {
        "knot_count": 10.0,
        "max_residence": 1.8125,
        "mean_residence": 1.2195833333333335,
        "visited_voxels": 29.0
      },
      "seed": 1
    },
    {
      "D_cov": 4.175011792414124,
      "D_occ": 0.05421291695938945,
      "n_samples": 100,
      "occupancy_counts": [
        100.0,
        100.0,
        100.0,
        100.0,
        100.0,
        100.0,
        100.0,
        100.0,
        96.0,
        76.0
      ],
      "occupancy_scales": [
        0.0099819732355856,
        0.013583369360993153,
        0.018484113195114497,
        0.02515299639800306,
        0.034227945972824685,
        0.046577046606328665,
        0.06338157925954797,
        0.08624901925165258,
        0.11736680292249614,
        0.1597115717693696
      ],
      "residence": {
        "knot_count": 8.0,
        "max_residence": 2.235294117647059,
        "mean_residence": 1.258389037433155,
        "visited_voxels": 16.0
      },
      "seed": 2
    },
    {
      "D_cov": 4.767800255414492,
      "D_occ": 0.029486554571867527,
      "n_samples": 100,
      "occupancy_counts": [
        100.0,
        100.0,
        100.0,
        100.0,
        100.0,
        100.0,
        100.0,
        100.0,
        98.0,
        86.0
      ],
      "occupancy_scales": [
        0.00858617273535598,
        0.011683977998042295,
        0.01589944042199339,
        0.02163579953461688,
        0.029441779652484085,
        0.04006407933843779,
        0.05451879852993903,
        0.07418863586106256,
        0.10095515380631209,
        0.1373787637656957
      ],
      "residence": {
        "knot_count": 8.0,
        "max_residence": 1.75,
        "mean_residence": 1.3625,
        "visited_voxels": 12.0
      },
      "seed": 3
    },
    {
      "D_cov": 3.202089705324421,
      "D_occ": 0.01895797549871746,
      "n_samples": 100,
      "occupancy_counts": [
        100.0,
        100.0,
        100.0,
        100.0,
        100.0,
        100.0,
        100.0,
        100.0,
        97.0,
        92.0
      ],
      "occupancy_scales": [
        0.008444302294571616,
        0.011490922120902594,
        0.015636731914906794,
        0.02127830842521271,
        0.02895530932565565,
        0.039402095382308086,
        0.05361797738216187,
        0.07296280745122179,
        0.09928705876427112,
        0.13510883671314586
      ],
      "residence": {
        "knot_count": 9.0,
        "max_residence": 2.142857142857143,
        "mean_residence": 1.3244588744588743,
        "visited_voxels": 21.0
      },
      "seed": 4
    },
    {
      "D_cov": 3.2087903658169377,
      "D_occ": 0.02825559495834389,
      "n_samples": 100,
      "occupancy_counts": [
        100.0,
        100.0,
        100.0,
        100.0,
        100.0,
        100.0,
        100.0,
        100.0,
        96.0,
        88.0
      ],
      "occupancy_scales": [
        0.009067775502115207,
        0.01233933822710456,
        0.016791248068213308,
        0.022849362461672004,
        0.031093183948203047,
        0.04231129379029716,
        0.05757678548427661,
        0.07834991392918883,
        0.10661777938936329,
        0.14508440803384332
      ],
      "residence": {
        "knot_count": 5.0,
        "max_residence": 2.588235294117647,
        "mean_residence": 1.8913650075414783,
        "visited_voxels": 9.0
      },
      "seed": 5
    }
  ],
  "sample_every": 200,
  "seed_list": [
    1,
    2,
    3,
    4,
    5
  ],
  "steps": 20000,
  "steps_per_second": 4230.354369675717,
  "voxel_size": 0.5
}