{
  "D_cov_stats": {
    "ci_95_hi": 5.4563982835251,
    "ci_95_lo": 4.320846947843718,
    "mean": 4.876993131024678,
    "std": 0.7426870400527715
  },
  "D_occ_stats": {
    "ci_95_hi": 0.030922692632724718,
    "ci_95_lo": 0.010104601010102115,
    "mean": 0.019995961531140916,
    "std": 0.013737784316507119
  },
  "burn_in": 0,
  "elapsed_seconds": 37.67533590001403,
  "fast_mode": false,
  "max_memory": 3000,
  "n_seeds": 5,
  "regime": {
    "alpha": 0.004,
    "amplitude_att": 0.35,
    "amplitude_rep": 1.0,
    "dim": 7,
    "epsilon": 0.03,
    "eta": 0.15,
    "memory_factor": 6.0,
    "sigma_att": 3.0,
    "sigma_rep": 1.0
  },
  "runs": [
    {
      "D_cov": 4.200046182520863,
      "D_occ": 0.00456565853742563,
      "n_samples": 100,
      "occupancy_counts": [
        100.0,
        100.0,
        100.0,
        100.0,
        100.0,
        100.0,
        100.0,
        99.0,
        100.0,
        98.0
      ],
      "occupancy_scales": [
        0.0064920713827985674,
        0.00883434581813053,
        0.012021689447394351,
        0.016358994785216064,
        0.022261156516626798,
        0.03029275918014241,
        0.04122208377002835,
        0.056094599380605056,
        0.07633296990091516,
        0.10387314212477708
      ],
      "residence": {
        "knot_count": 7.0,
        "max_residence": 2.111111111111111,
        "mean_residence": 1.2312925170068028,
        "visited_voxels": 14.0
      },
      "seed": 1
    },
    {
      "D_cov": 5.454989034594953,
      "D_occ": 0.040320531109070086,
      "n_samples": 100,
      "occupancy_counts": [
        100.0,
        100.0,
        100.0,
        100.0,
        100.0,
        100.0,
        100.0,
        99.0,
        97.0,
        82.0
      ],
      "occupancy_scales": [
        0.007687025112608367,
        0.010460426904326775,
        0.014234444328962889,
        0.01937008950089158,
        0.026358624095295945,
        0.03586855208723411,
        0.04880956700104197,
        0.06641957068785917,
        0.09038308760791391,
        0.12299240180173387
      ],
      "residence": {
        "knot_count": 4.0,
        "max_residence": 2.7,
        "mean_residence": 1.5321895424836602,
        "visited_voxels": 12.0
      },
      "seed": 2
    },
    {
      "D_cov": 5.875652066836562,
      "D_occ": 0.010955536948278275,
      "n_samples": 100,
      "occupancy_counts": [
        100.0,
        100.0,
        100.0,
        100.0,
        100.0,
        100.0,
        100.0,
        100.0,
        100.0,
        94.0
      ],
      "occupancy_scales": [
        0.0066424162343053155,
        0.009038933588638613,
        0.012300090439659718,
        0.016737840071529408,
        0.022776685393855196,
        0.03099428572107594,
        0.042176714071787635,
        0.05739365074910254,
        0.07810070601287937,
        0.10627865974888505
      ],
      "residence": {
        "knot_count": 4.0,
        "max_residence": 2.25,
        "mean_residence": 1.6839285714285714,
        "visited_voxels": 6.0
      },
      "seed": 3
    },
    {
      "D_cov": 4.349864003005858,
      "D_occ": 0.01948061407910277,
      "n_samples": 100,
      "occupancy_counts": [
        100.0,
        100.0,
        100.0,
        100.0,
        100.0,
        100.0,
        100.0,
        100.0,
        98.0,
        91.0
      ],
      "occupancy_scales": [
        0.006789011109513617,
        0.00923841842889888,
        0.012571547415472274,
        0.017107236009692703,
        0.02327935569261284,
        0.03167831443701001,
        0.04310753350826284,
        0.058660300530225945,
        0.07982435036875517,
        0.10862417775221787
      ],
      "residence": {
        "knot_count": 8.0,
        "max_residence": 1.9285714285714286,
        "mean_residence": 1.3184315684315684,
        "visited_voxels": 12.0
      },
      "seed": 4
    },
    {
      "D_cov": 4.504414368165149,
      "D_occ": 0.024657466981827813,
      "n_samples": 100,
      "occupancy_counts": [
        100.0,
        100.0,
        100.0,
        100.0,
        100.0,
        100.0,
        100.0,
        100.0,
        100.0,
        87.0
      ],
      "occupancy_scales": [
        0.007201034490434044,
        0.00979909572549344,
        0.013334511474002955,
        0.01814546987103371,
        0.024692173948968114,
        0.033600863392322065,
        0.04572371890149716,
        0.06222037945194148,
        0.08466887016525723,
        0.11521655184694471
      ],
      "residence": {
        "knot_count": 3.0,
        "max_residence": 2.9473684210526314,
        "mean_residence": 2.3782894736842106,
        "visited_voxels": 6.0
      },
      "seed": 5
    }
  ],
  "sample_every": 200,
  "seed_list": [
    1,
    2,
    3,
    4,
    5
  ],
  "steps": 20000,
  "steps_per_second": 2654.256361917738,
  "voxel_size": 0.5
}