{
  "D_cov": 3.840981213605375,
  "D_occ": NaN,
  "burn_in": 0,
  "elapsed_seconds": 13.265682900004322,
  "max_memory": 3000,
  "n_samples": 10,
  "residence": {
    "knot_count": 2.0,
    "max_residence": 1.6666666666666667,
    "mean_residence": 1.3333333333333335,
    "visited_voxels": 4.0
  },
  "sample_every": 2000,
  "seed": 3,
  "steps": 20000,
  "steps_per_second": 1507.6494855755586
}