{
  "curve_data": {
    "0.002": {
      "sample_steps": [
        200,
        300,
        400,
        700,
        1200,
        1800,
        2900,
        4600,
        7200,
        11300,
        17600,
        27700,
        43300,
        67900,
        106300,
        166400,
        260500,
        407900,
        638700,
        1000000
      ],
      "D_cov_mean": [
        1.0,
        1.791076648033717,
        2.308778529822811,
        3.0698196866209577,
        3.767186839051514,
        4.49795047487618,
        5.386496411724476,
        5.801241420877412,
        5.982090502650854,
        6.22468247817003,
        6.407444635718436,
        6.0943446159578585,
        6.132080921470573,
        6.318085915597168,
        6.158486098900748,
        5.091372871085798,
        5.349758720373184,
        3.326695505570428,
        2.0688204932369776,
        1.7527469403426945
      ],
      "D_cov_std": [
        0.0,
        0.0,
        0.0,
        0.0,
        0.0,
        0.0,
        0.0,
        0.0,
        0.0,
        0.0,
        0.0,
        0.0,
        0.0,
        0.0,
        0.0,
        0.0,
        0.0,
        0.0,
        0.0,
        0.0
      ],
      "D_occ_mean": [
        NaN,
        NaN,
        NaN,
        NaN,
        NaN,
        NaN,
        NaN,
        0.007870541410601799,
        0.00498787991558298,
        0.02949186483420167,
        0.03883444115298918,
        0.07752220487171071,
        0.09404637098220905,
        0.12763206052907825,
        0.2105276847894706,
        0.27417207148353934,
        0.3983832630791354,
        0.493286151767471,
        1.0419316341071319,
        1.1282270073718177
      ],
      "D_occ_std": [
        0.0,
        0.0,
        0.0,
        0.0,
        0.0,
        0.0,
        0.0,
        0.0,
        0.0,
        0.0,
        0.0,
        0.0,
        0.0,
        0.0,
        0.0,
        0.0,
        0.0,
        0.0,
        0.0,
        0.0
      ],
      "D_spec_mean": [
        NaN,
        NaN,
        NaN,
        NaN,
        NaN,
        NaN,
        NaN,
        NaN,
        NaN,
        2.181807988287285,
        2.319466324861033,
        2.0322366378239356,
        2.0571982849105273,
        2.159816603605996,
        2.0111428990126843,
        1.7681859523196075,
        1.8387177125456764,
        1.5050502574210955,
        1.346960025636154,
        1.2883962029791385
      ],
      "D_spec_std": [
        0.0,
        0.0,
        0.0,
        0.0,
        0.0,
        0.0,
        0.0,
        0.0,
        0.0,
        0.0,
        0.0,
        0.0,
        0.0,
        0.0,
        0.0,
        0.0,
        0.0,
        0.0,
        0.0,
        0.0
      ],
      "runs": [
        {
          "seed": 1,
          "sample_steps": [
            200,
            300,
            400,
            700,
            1200,
            1800,
            2900,
            4600,
            7200,
            11300,
            17600,
            27700,
            43300,
            67900,
            106300,
            166400,
            260500,
            407900,
            638700,
            1000000
          ],
          "D_cov": [
            1.0,
            1.791076648033717,
            2.308778529822811,
            3.0698196866209577,
            3.767186839051514,
            4.49795047487618,
            5.386496411724476,
            5.801241420877412,
            5.982090502650854,
            6.22468247817003,
            6.407444635718436,
            6.0943446159578585,
            6.132080921470573,
            6.318085915597168,
            6.158486098900748,
            5.091372871085798,
            5.349758720373184,
            3.326695505570428,
            2.0688204932369776,
            1.7527469403426945
          ],
          "D_occ": [
            NaN,
            NaN,
            NaN,
            NaN,
            NaN,
            NaN,
            NaN,
            0.007870541410601799,
            0.00498787991558298,
            0.02949186483420167,
            0.03883444115298918,
            0.07752220487171071,
            0.09404637098220905,
            0.12763206052907825,
            0.2105276847894706,
            0.27417207148353934,
            0.3983832630791354,
            0.493286151767471,
            1.0419316341071319,
            1.1282270073718177
          ],
          "D_spec": [
            NaN,
            NaN,
            NaN,
            NaN,
            NaN,
            NaN,
            NaN,
            NaN,
            NaN,
            2.181807988287285,
            2.319466324861033,
            2.0322366378239356,
            2.0571982849105273,
            2.159816603605996,
            2.0111428990126843,
            1.7681859523196075,
            1.8387177125456764,
            1.5050502574210955,
            1.346960025636154,
            1.2883962029791385
          ],
          "n_samples": 10000
        }
      ],
      "elapsed_seconds": 417.3271360999788
    }
  },
  "sweep_data": [
    {
      "alpha": 0.002,
      "sample_steps": [
        200,
        300,
        400,
        700,
        1200,
        1800,
        2900,
        4600,
        7200,
        11300,
        17600,
        27700,
        43300,
        67900,
        106300,
        166400,
        260500,
        407900,
        638700,
        1000000
      ],
      "D_cov_mean": [
        1.0,
        1.791076648033717,
        2.308778529822811,
        3.0698196866209577,
        3.767186839051514,
        4.49795047487618,
        5.386496411724476,
        5.801241420877412,
        5.982090502650854,
        6.22468247817003,
        6.407444635718436,
        6.0943446159578585,
        6.132080921470573,
        6.318085915597168,
        6.158486098900748,
        5.091372871085798,
        5.349758720373184,
        3.326695505570428,
        2.0688204932369776,
        1.7527469403426945
      ],
      "D_cov_std": [
        0.0,
        0.0,
        0.0,
        0.0,
        0.0,
        0.0,
        0.0,
        0.0,
        0.0,
        0.0,
        0.0,
        0.0,
        0.0,
        0.0,
        0.0,
        0.0,
        0.0,
        0.0,
        0.0,
        0.0
      ],
      "D_occ_mean": [
        NaN,
        NaN,
        NaN,
        NaN,
        NaN,
        NaN,
        NaN,
        0.007870541410601799,
        0.00498787991558298,
        0.02949186483420167,
        0.03883444115298918,
        0.07752220487171071,
        0.09404637098220905,
        0.12763206052907825,
        0.2105276847894706,
        0.27417207148353934,
        0.3983832630791354,
        0.493286151767471,
        1.0419316341071319,
        1.1282270073718177
      ],
      "D_occ_std": [
        0.0,
        0.0,
        0.0,
        0.0,
        0.0,
        0.0,
        0.0,
        0.0,
        0.0,
        0.0,
        0.0,
        0.0,
        0.0,
        0.0,
        0.0,
        0.0,
        0.0,
        0.0,
        0.0,
        0.0
      ],
      "D_spec_mean": [
        NaN,
        NaN,
        NaN,
        NaN,
        NaN,
        NaN,
        NaN,
        NaN,
        NaN,
        2.181807988287285,
        2.319466324861033,
        2.0322366378239356,
        2.0571982849105273,
        2.159816603605996,
        2.0111428990126843,
        1.7681859523196075,
        1.8387177125456764,
        1.5050502574210955,
        1.346960025636154,
        1.2883962029791385
      ],
      "D_spec_std": [
        0.0,
        0.0,
        0.0,
        0.0,
        0.0,
        0.0,
        0.0,
        0.0,
        0.0,
        0.0,
        0.0,
        0.0,
        0.0,
        0.0,
        0.0,
        0.0,
        0.0,
        0.0,
        0.0,
        0.0
      ],
      "runs": [
        {
          "seed": 1,