{
  "curve_data": {
    "0.0015": {
      "sample_steps": [
        200,
        300,
        400,
        500,
        600,
        800,
        1000
      ],
      "D_cov_mean": [
        1.0,
        1.8766566826157773,
        2.4775609670514926,
        2.8463826059377206,
        3.1095003592912165,
        3.413920843375572,
        3.6196709650050884
      ],
      "D_cov_std": [
        0.0,
        0.16998619568168702,
        0.32019146085240746,
        0.05736718371656161,
        0.2341676187299234,
        0.4423634654088822,
        0.38657443174076067
      ],
      "D_occ_mean": [
        NaN,
        NaN,
        NaN,
        NaN,
        NaN,
        NaN,
        NaN
      ],
      "D_occ_std": [
        0.0,
        0.0,
        0.0,
        0.0,
        0.0,
        0.0,
        0.0
      ],
      "D_spec_mean": [
        NaN,
        NaN,
        NaN,
        NaN,
        NaN,
        NaN,
        NaN
      ],
      "D_spec_std": [
        0.0,
        0.0,
        0.0,
        0.0,
        0.0,
        0.0,
        0.0
      ],
      "runs": [
        {
          "seed": 1,
          "sample_steps": [
            200,
            300,
            400,
            500,
            600,
            800,
            1000
          ],
          "D_cov": [
            1.0,
            1.756458290941153,
            2.2511514138047284,
            2.8058178813141654,
            2.9439188481529817,
            3.101122637235771,
            3.3463215628878604
          ],
          "D_occ": [
            NaN,
            NaN,
            NaN,
            NaN,
            NaN,
            NaN,
            NaN
          ],
          "D_spec": [
            NaN,
            NaN,
            NaN,
            NaN,
            NaN,
            NaN,
            NaN
          ],
          "n_samples": 10
        },
        {
          "seed": 2,
          "sample_steps": [
            200,
            300,
            400,
            500,
            600,
            800,
            1000
          ],
          "D_cov": [
            1.0,
            1.9968550742904017,
            2.703970520298257,
            2.886947330561276,
            3.2750818704294513,
            3.7267190495153737,
            3.8930203671223165
          ],
          "D_occ": [
            NaN,
            NaN,
            NaN,
            NaN,
            NaN,
            NaN,
            NaN
          ],
          "D_spec": [
            NaN,
            NaN,
            NaN,
            NaN,
            NaN,
            NaN,
            NaN
          ],
          "n_samples": 10
        }
      ],
      "elapsed_seconds": 1.1793894000002183
    },
    "0.002": {
      "sample_steps": [
        200,
        300,
        400,
        500,
        600,
        800,
        1000
      ],
      "D_cov_mean": [
        1.0,
        1.8923305870649902,
        2.4368583844288714,
        2.8162183355457566,
        3.117639756813572,
        3.419264029042937,
        3.658053818443777
      ],
      "D_cov_std": [
        0.0,
        0.14319469382172506,
        0.18113226745066446,
        0.003801104071955704,
        0.12875396943833442,
        0.3505402099166643,
        0.28757721330870994
      ],
      "D_occ_mean": [
        NaN,
        NaN,
        NaN,
        NaN,
        NaN,
        NaN,
        NaN
      ],
      "D_occ_std": [
        0.0,
        0.0,
        0.0,
        0.0,
        0.0,
        0.0,
        0.0
      ],
      "D_spec_mean": [
        NaN,
        NaN,
        NaN,
        NaN,
        NaN,
        NaN,
        NaN
      ],
      "D_spec_std": [
        0.0,
        0.0,
        0.0,
        0.0,
        0.0,
        0.0,
        0.0
      ],
      "runs": [
        {
          "seed": 1,
          "sample_steps": [
            200,
            300,
            400,
            500,
            600,
            800,
            1000
          ],
          "D_cov": [
            1.0,
            1.791076648033717,
            2.308778529822811,
            2.8189061220110325,
            3.02659695191904,
            3.1713946695323076,
            3.454706020798458
          ],
          "D_occ": [
            NaN,
            NaN,
            NaN,
            NaN,
            NaN,
            NaN,
            NaN
          ],
          "D_spec": [
            NaN,
            NaN,
            NaN,
            NaN,
            NaN,
            NaN,
            NaN
          ],
          "n_samples": 10
        },
        {
          "seed": 2,
          "sample_steps": [
            200,
            300,
            400,
            500,
            600,
            800,
            1000
          ],
          "D_cov": [
            1.0,
            1.9935845260962635,
            2.5649382390349316,
            2.813530549080481,
            3.2086825617081036,
            3.667133388553566,
            3.861401616089096
          ],
          "D_occ": [
            NaN,
            NaN,
            NaN,
            NaN,
            NaN,
            NaN,
            NaN
          ],
          "D_spec": [
            NaN,
            NaN,
            NaN,
            NaN,
            NaN,
            NaN,
            NaN
          ],
          "n_samples": 10
        }
      ],
      "elapsed_seconds": 0.13552740000886843
    }
  },
  "sweep_data": [
    {
      "alpha": 0.0015,
      "sample_steps": [
        200,
        300,
        400,
        500,
        600,
        800,
        1000
      ],
      "D_cov_mean": [
        1.0,
        1.8766566826157773,
        2.4775609670514926,
        2.8463826059377206,
        3.1095003592912165,
        3.413920843375572,
        3.6196709650050884
      ],
      "D_cov_std": [
        0.0,
        0.16998619568168702,
        0.32019146085240746,
        0.05736718371656161,
        0.2341676187299234,
        0.4423634654088822,
        0.38657443174076067
      ],
      "D_occ_mean": [
        NaN,
        NaN,
        NaN,
        NaN,
        NaN,
        NaN,
        NaN
      ],
      "D_occ_std": [
        0.0,
        0.0,
        0.0,
        0.0,
        0.0,
        0.0,
        0.0
      ],
      "D_spec_mean": [
        NaN,
        NaN,
        NaN,
        NaN,
        NaN,
        NaN,
        NaN
      ],
      "D_spec_std": [
        0.0,
        0.0,
        0.0,
        0.0,
        0.0,
        0.0,
        0.0
      ],
      "runs": [
        {
          "seed": 1,
          "sample_steps": [
            200,
            300,
            400,
            500,
            600,
            800,
            1000
          ],
          "D_cov": [
            1.0,
            1.756458290941153,
            2.2511514138047284,
            2.8058178813141654,
            2.9439188481529817,
            3.101122637235771,
            3.3463215628878604
          ],
          "D_occ": [
            NaN,
            NaN,
            NaN,
            NaN,
            NaN,
            NaN,
            NaN
          ],
          "D_spec": [
            NaN,
            NaN,
            NaN,
            NaN,
            NaN,
            NaN,
            NaN
          ],
          "n_samples": 10
        },
        {
          "seed": 2,
          "sample_steps": [
            200,
            300,
            400,
            500,
            600,
            800,
            1000
          ],
          "D_cov": [
            1.0,
            1.9968550742904017,
            2.703970520298257,
            2.886947330561276,
            3.2750818704294513,
            3.7267190495153737,
            3.8930203671223165
          ],
          "D_occ": [
            NaN,
            NaN,
            NaN,
            NaN,
            NaN,
            NaN,
            NaN
          ],
          "D_spec": [
            NaN,
            NaN,
            NaN,
            NaN,
            NaN,
            NaN,
            NaN
          ],