{
  "curve_data": {
    "0.0015": {
      "sample_steps": [
        200,
        300,
        400,
        500,
        600,
        800,
        1000
      ],
      "D_cov_mean": [
        1.0,
        1.7233604312105828,
        2.020694266452941,
        2.5144925320101077,
        2.9033626359165114,
        3.396704644709037,
        3.7159264778279235
      ],
      "D_cov_std": [
        0.0,
        0.03000090743478621,
        0.13593619274473762,
        0.19688241147739027,
        0.06912638952421789,
        0.11732747202417146,
        0.03348914919924178
      ],
      "D_occ_mean": [
        NaN,
        NaN,
        NaN,
        NaN,
        NaN,
        NaN,
        NaN
      ],
      "D_occ_std": [
        0.0,
        0.0,
        0.0,
        0.0,
        0.0,
        0.0,
        0.0
      ],
      "D_spec_mean": [
        NaN,
        NaN,
        NaN,
        NaN,
        NaN,
        NaN,
        NaN
      ],
      "D_spec_std": [
        0.0,
        0.0,
        0.0,
        0.0,
        0.0,
        0.0,
        0.0
      ],
      "runs": [
        {
          "seed": 1,
          "sample_steps": [
            200,
            300,
            400,
            500,
            600,
            800,
            1000
          ],
          "D_cov": [
            1.0,
            1.74457427629947,
            1.9245728627544552,
            2.375275643758085,
            2.9522423747080286,
            3.479667695796804,
            3.6922460733329716
          ],
          "D_occ": [
            NaN,
            NaN,
            NaN,
            NaN,
            NaN,
            NaN,
            NaN
          ],
          "D_spec": [
            NaN,
            NaN,
            NaN,
            NaN,
            NaN,
            NaN,
            NaN
          ],
          "n_samples": 10
        },
        {
          "seed": 2,
          "sample_steps": [
            200,
            300,
            400,
            500,
            600,
            800,
            1000
          ],
          "D_cov": [
            1.0,
            1.7021465861216956,
            2.1168156701514262,
            2.6537094202621305,
            2.8544828971249943,
            3.3137415936212706,
            3.7396068823228754
          ],
          "D_occ": [
            NaN,
            NaN,
            NaN,
            NaN,
            NaN,
            NaN,
            NaN
          ],
          "D_spec": [
            NaN,
            NaN,
            NaN,
            NaN,
            NaN,
            NaN,
            NaN
          ],
          "n_samples": 10
        }
      ],
      "elapsed_seconds": 0.7223365000099875
    },
    "0.002": {
      "sample_steps": [
        200,
        300,
        400,
        500,
        600,
        800,
        1000
      ],
      "D_cov_mean": [
        1.0,
        1.7416150666216241,
        1.9938115401268406,
        2.5262105405045916,
        2.941665837072155,
        3.4290403885318157,
        3.74067218483027
      ],
      "D_cov_std": [
        0.0,
        0.002055090790595409,
        0.1319577673538927,
        0.17425330449573567,
        0.10911485430899773,
        0.14778574269373557,
        0.026105360878407476
      ],
      "D_occ_mean": [
        NaN,
        NaN,
        NaN,
        NaN,
        NaN,
        NaN,
        NaN
      ],
      "D_occ_std": [
        0.0,
        0.0,
        0.0,
        0.0,
        0.0,
        0.0,
        0.0
      ],
      "D_spec_mean": [
        NaN,
        NaN,
        NaN,
        NaN,
        NaN,
        NaN,
        NaN
      ],
      "D_spec_std": [
        0.0,
        0.0,
        0.0,
        0.0,
        0.0,
        0.0,
        0.0
      ],
      "runs": [
        {
          "seed": 1,
          "sample_steps": [
            200,
            300,
            400,
            500,
            600,
            800,
            1000
          ],
          "D_cov": [
            1.0,
            1.74016189798764,
            1.9005033080006661,
            2.4029948472514926,
            3.0188216904822296,
            3.5335406893532464,
            3.7222129071278265
          ],
          "D_occ": [
            NaN,
            NaN,
            NaN,
            NaN,
            NaN,
            NaN,
            NaN
          ],
          "D_spec": [
            NaN,
            NaN,
            NaN,
            NaN,
            NaN,
            NaN,
            NaN
          ],
          "n_samples": 10
        },
        {
          "seed": 2,
          "sample_steps": [
            200,
            300,
            400,
            500,
            600,
            800,
            1000
          ],
          "D_cov": [
            1.0,
            1.7430682352556082,
            2.087119772253015,
            2.6494262337576906,
            2.8645099836620806,
            3.324540087710385,
            3.7591314625327144
          ],
          "D_occ": [
            NaN,
            NaN,
            NaN,
            NaN,
            NaN,
            NaN,
            NaN
          ],
          "D_spec": [
            NaN,
            NaN,
            NaN,
            NaN,
            NaN,
            NaN,
            NaN
          ],
          "n_samples": 10
        }
      ],
      "elapsed_seconds": 0.9715253000031225
    }
  },
  "sweep_data": [
    {
      "alpha": 0.0015,
      "sample_steps": [
        200,
        300,
        400,
        500,
        600,
        800,
        1000
      ],
      "D_cov_mean": [
        1.0,
        1.7233604312105828,
        2.020694266452941,
        2.5144925320101077,
        2.9033626359165114,
        3.396704644709037,
        3.7159264778279235
      ],
      "D_cov_std": [
        0.0,
        0.03000090743478621,
        0.13593619274473762,
        0.19688241147739027,
        0.06912638952421789,
        0.11732747202417146,
        0.03348914919924178
      ],
      "D_occ_mean": [
        NaN,
        NaN,
        NaN,
        NaN,
        NaN,
        NaN,
        NaN
      ],
      "D_occ_std": [
        0.0,
        0.0,
        0.0,
        0.0,
        0.0,
        0.0,
        0.0
      ],
      "D_spec_mean": [
        NaN,
        NaN,
        NaN,
        NaN,
        NaN,
        NaN,
        NaN
      ],
      "D_spec_std": [
        0.0,
        0.0,
        0.0,
        0.0,
        0.0,
        0.0,
        0.0
      ],
      "runs": [
        {
          "seed": 1,
          "sample_steps": [
            200,
            300,
            400,
            500,
            600,
            800,
            1000
          ],
          "D_cov": [
            1.0,
            1.74457427629947,
            1.9245728627544552,
            2.375275643758085,
            2.9522423747080286,
            3.479667695796804,
            3.6922460733329716
          ],
          "D_occ": [
            NaN,
            NaN,
            NaN,
            NaN,
            NaN,
            NaN,
            NaN
          ],
          "D_spec": [
            NaN,
            NaN,
            NaN,
            NaN,
            NaN,
            NaN,
            NaN
          ],
          "n_samples": 10
        },
        {
          "seed": 2,
          "sample_steps": [
            200,
            300,
            400,
            500,
            600,
            800,
            1000
          ],
          "D_cov": [
            1.0,
            1.7021465861216956,
            2.1168156701514262,
            2.6537094202621305,
            2.8544828971249943,
            3.3137415936212706,
            3.7396068823228754
          ],
          "D_occ": [
            NaN,
            NaN,
            NaN,
            NaN,
            NaN,
            NaN,
            NaN
          ],
          "D_spec": [
            NaN,
            NaN,
            NaN,
            NaN,
            NaN,
            NaN,
            NaN
          ],