{
  "curve_data": {
    "0.0015": {
      "sample_steps": [
        200,
        400,
        600,
        800,
        1000
      ],
      "D_cov_mean": [
        NaN,
        1.0,
        1.525379501604137,
        1.966669016771355,
        2.5013146468059304
      ],
      "D_cov_std": [
        0.0,
        0.0,
        0.41932258263310923,
        0.5203199112203712,
        0.01336828544247322
      ],
      "D_occ_mean": [
        NaN,
        NaN,
        NaN,
        NaN,
        NaN
      ],
      "D_occ_std": [
        0.0,
        0.0,
        0.0,
        0.0,
        0.0
      ],
      "D_spec_mean": [
        NaN,
        NaN,
        NaN,
        NaN,
        NaN
      ],
      "D_spec_std": [
        0.0,
        0.0,
        0.0,
        0.0,
        0.0
      ],
      "runs": [
        {
          "seed": 1,
          "sample_steps": [
            200,
            400,
            600,
            800,
            1000
          ],
          "D_cov": [
            NaN,
            1.0,
            1.8218853432886648,
            2.334590754381662,
            2.49186184151672
          ],
          "D_occ": [
            NaN,
            NaN,
            NaN,
            NaN,
            NaN
          ],
          "D_spec": [
            NaN,
            NaN,
            NaN,
            NaN,
            NaN
          ],
          "n_samples": 5
        },
        {
          "seed": 2,
          "sample_steps": [
            200,
            400,
            600,
            800,
            1000
          ],
          "D_cov": [
            NaN,
            1.0,
            1.2288736599196088,
            1.5987472791610482,
            2.5107674520951404
          ],
          "D_occ": [
            NaN,
            NaN,
            NaN,
            NaN,
            NaN
          ],
          "D_spec": [
            NaN,
            NaN,
            NaN,
            NaN,
            NaN
          ],
          "n_samples": 5
        }
      ],
      "elapsed_seconds": 0.5551994999987073
    },
    "0.002": {
      "sample_steps": [
        200,
        400,
        600,
        800,
        1000
      ],
      "D_cov_mean": [
        NaN,
        1.0,
        1.5007973770550818,
        1.946676190344913,
        2.493847989439667
      ],
      "D_cov_std": [
        0.0,
        0.0,
        0.38002405536883904,
        0.5116450253424034,
        0.04168474037922381
      ],
      "D_occ_mean": [
        NaN,
        NaN,
        NaN,
        NaN,
        NaN
      ],
      "D_occ_std": [
        0.0,
        0.0,
        0.0,
        0.0,
        0.0
      ],
      "D_spec_mean": [
        NaN,
        NaN,
        NaN,
        NaN,
        NaN
      ],
      "D_spec_std": [
        0.0,
        0.0,
        0.0,
        0.0,
        0.0
      ],
      "runs": [
        {
          "seed": 1,
          "sample_steps": [
            200,
            400,
            600,
            800,
            1000
          ],
          "D_cov": [
            NaN,
            1.0,
            1.7695149636204,
            2.3084638573248895,
            2.4643724268455167
          ],
          "D_occ": [
            NaN,
            NaN,
            NaN,
            NaN,
            NaN
          ],
          "D_spec": [
            NaN,
            NaN,
            NaN,
            NaN,
            NaN
          ],
          "n_samples": 5
        },
        {
          "seed": 2,
          "sample_steps": [
            200,
            400,
            600,
            800,
            1000
          ],
          "D_cov": [
            NaN,
            1.0,
            1.2320797904897638,
            1.5848885233649366,
            2.5233235520338164
          ],
          "D_occ": [
            NaN,
            NaN,
            NaN,
            NaN,
            NaN
          ],
          "D_spec": [
            NaN,
            NaN,
            NaN,
            NaN,
            NaN
          ],
          "n_samples": 5
        }
      ],
      "elapsed_seconds": 0.39313660003244877
    }
  },
  "sweep_data": [
    {
      "alpha": 0.0015,
      "sample_steps": [
        200,
        400,
        600,
        800,
        1000
      ],
      "D_cov_mean": [
        NaN,
        1.0,
        1.525379501604137,
        1.966669016771355,
        2.5013146468059304
      ],
      "D_cov_std": [
        0.0,
        0.0,
        0.41932258263310923,
        0.5203199112203712,
        0.01336828544247322
      ],
      "D_occ_mean": [
        NaN,
        NaN,
        NaN,
        NaN,
        NaN
      ],
      "D_occ_std": [
        0.0,
        0.0,
        0.0,
        0.0,
        0.0
      ],
      "D_spec_mean": [
        NaN,
        NaN,
        NaN,
        NaN,
        NaN
      ],
      "D_spec_std": [
        0.0,
        0.0,
        0.0,
        0.0,
        0.0
      ],
      "runs": [
        {
          "seed": 1,
          "sample_steps": [
            200,
            400,
            600,
            800,
            1000
          ],
          "D_cov": [
            NaN,
            1.0,
            1.8218853432886648,
            2.334590754381662,
            2.49186184151672
          ],
          "D_occ": [
            NaN,
            NaN,
            NaN,
            NaN,
            NaN
          ],
          "D_spec": [
            NaN,
            NaN,
            NaN,
            NaN,
            NaN
          ],
          "n_samples": 5
        },
        {
          "seed": 2,
          "sample_steps": [
            200,
            400,
            600,
            800,
            1000
          ],
          "D_cov": [
            NaN,
            1.0,
            1.2288736599196088,
            1.5987472791610482,
            2.5107674520951404
          ],
          "D_occ": [
            NaN,
            NaN,
            NaN,
            NaN,
            NaN
          ],
          "D_spec": [
            NaN,
            NaN,
            NaN,
            NaN,
            NaN
          ],
          "n_samples": 5
        }
      ],
      "elapsed_seconds": 0.5551994999987073
    },
    {
      "alpha": 0.002,
      "sample_steps": [
        200,
        400,
        600,
        800,
        1000
      ],
      "D_cov_mean": [
        NaN,
        1.0,
        1.5007973770550818,
        1.946676190344913,
        2.493847989439667
      ],
      "D_cov_std": [
        0.0,
        0.0,
        0.38002405536883904,
        0.5116450253424034,
        0.04168474037922381
      ],
      "D_occ_mean": [
        NaN,
        NaN,
        NaN,
        NaN,
        NaN
      ],
      "D_occ_std": [
        0.0,
        0.0,
        0.0,
        0.0,
        0.0
      ],
      "D_spec_mean": [
        NaN,
        NaN,
        NaN,
        NaN,
        NaN
      ],
      "D_spec_std": [
        0.0,
        0.0,
        0.0,
        0.0,
        0.0
      ],
      "runs": [
        {
          "seed": 1,
          "sample_steps": [
            200,
            400,
            600,
            800,
            1000
          ],
          "D_cov": [
            NaN,
            1.0,
            1.7695149636204,
            2.3084638573248895,
            2.4643724268455167
          ],
          "D_occ": [
            NaN,
            NaN,
            NaN,
            NaN,
            NaN
          ],
          "D_spec": [
            NaN,
            NaN,
            NaN,
            NaN,
            NaN
          ],
          "n_samples": 5
        },
        {
          "seed": 2,
          "sample_steps": [
            200,
            400,
            600,
            800,
            1000
          ],
          "D_cov": [
            NaN,
            1.0,
            1.2320797904897638,
            1.5848885233649366,
            2.5233235520338164
          ],
          "D_occ": [
            NaN,
            NaN,
            NaN,
            NaN,
            NaN
          ],