{
  "D_cov": 3.444046662021151,
  "D_occ": NaN,
  "burn_in": 0,
  "elapsed_seconds": 13.058705000003101,
  "max_memory": 3000,
  "n_samples": 10,
  "residence": {
    "knot_count": 1.0,
    "max_residence": 2.6666666666666665,
    "mean_residence": 2.6666666666666665,
    "visited_voxels": 3.0
  },
  "sample_every": 2000,
  "seed": 2,
  "steps": 20000,
  "steps_per_second": 1531.5454327205684
}