{
  "D_cov_stats": {
    "ci_95_hi": 6.278458987210756,
    "ci_95_lo": 5.843846791771863,
    "mean": 6.0730216804907595,
    "std": 0.27914533564414884
  },
  "D_occ_stats": {
    "ci_95_hi": 0.02701062201310117,
    "ci_95_lo": 0.01207488710906778,
    "mean": 0.018570692946366908,
    "std": 0.00977048647363801
  },
  "burn_in": 0,
  "elapsed_seconds": 66.22337339998921,
  "fast_mode": false,
  "max_memory": 3000,
  "n_seeds": 5,
  "regime": {
    "alpha": 0.002,
    "amplitude_att": 0.35,
    "amplitude_rep": 1.0,
    "dim": 7,
    "epsilon": 0.03,
    "eta": 0.15,
    "memory_factor": 6.0,
    "sigma_att": 3.0,
    "sigma_rep": 1.0
  },
  "runs": [
    {
      "D_cov": 5.677900531358497,
      "D_occ": 0.012339586782812445,
      "n_samples": 100,
      "occupancy_counts": [
        100.0,
        100.0,
        100.0,
        100.0,
        100.0,
        100.0,
        100.0,
        100.0,
        99.0,
        94.0
      ],
      "occupancy_scales": [
        0.005891552588439126,
        0.008017165847849426,
        0.010909679115493029,
        0.014845782245474162,
        0.020201992024407544,
        0.027490668730416303,
        0.03740902710645696,
        0.05090583000271884,
        0.06927214441827656,
        0.09426484141502602
      ],
      "residence": {
        "knot_count": 4.0,
        "max_residence": 1.75,
        "mean_residence": 1.3625,
        "visited_voxels": 9.0
      },
      "seed": 1
    },
    {
      "D_cov": 6.244916626045563,
      "D_occ": 0.010465939375360613,
      "n_samples": 100,
      "occupancy_counts": [
        100.0,
        100.0,
        100.0,
        100.0,
        100.0,
        100.0,
        100.0,
        100.0,
        99.0,
        95.0
      ],
      "occupancy_scales": [
        0.005806338992456018,
        0.007901208038556715,
        0.01075188488816538,
        0.014631057438841447,
        0.01990979665475237,
        0.027093052193292288,
        0.036867954498834635,
        0.0501695438088981,
        0.06827021352845886,
        0.09290142387929629
      ],
      "residence": {
        "knot_count": 4.0,
        "max_residence": 2.6666666666666665,
        "mean_residence": 1.4916666666666667,
        "visited_voxels": 10.0
      },
      "seed": 2
    },
    {
      "D_cov": 6.401776312887551,
      "D_occ": 0.03465130767273828,
      "n_samples": 100,
      "occupancy_counts": [
        100.0,
        100.0,
        100.0,
        100.0,
        100.0,
        100.0,
        100.0,
        100.0,
        93.0,
        87.0
      ],
      "occupancy_scales": [
        0.006791001735786549,
        0.009241127253225177,
        0.012575233556527727,
        0.017112252073580195,
        0.023286181502191177,
        0.0316876029304273,
        0.04312017319722176,
        0.05867750049256655,
        0.07984775590551164,
        0.10865602777258479
      ],
      "residence": {
        "knot_count": 5.0,
        "max_residence": 2.9130434782608696,
        "mean_residence": 1.4133779264214046,
        "visited_voxels": 6.0
      },
      "seed": 3
    },
    {
      "D_cov": 5.941605873974635,
      "D_occ": 0.0206332476719304,
      "n_samples": 100,
      "occupancy_counts": [
        100.0,
        100.0,
        100.0,
        100.0,
        100.0,
        100.0,
        100.0,
        100.0,
        100.0,
        89.0
      ],
      "occupancy_scales": [
        0.006686102188449834,
        0.009098380998186552,
        0.012380985880108825,
        0.016847921777952246,
        0.022926483479157524,
        0.03119812945760062,
        0.0424541025900486,
        0.057771118270915245,
        0.07861436004195271,
        0.10697763501519734
      ],
      "residence": {
        "knot_count": 5.0,
        "max_residence": 2.16,
        "mean_residence": 1.4034285714285715,
        "visited_voxels": 10.0
      },
      "seed": 4
    },
    {
      "D_cov": 6.098909058187551,
      "D_occ": 0.014763383228992785,
      "n_samples": 100,
      "occupancy_counts": [
        100.0,
        100.0,
        100.0,
        100.0,
        100.0,
        100.0,
        100.0,
        100.0,
        100.0,
        92.0
      ],
      "occupancy_scales": [
        0.0060212822063428605,
        0.008193700614619274,
        0.011149905860796554,
        0.01517268039825763,
        0.020646831761790763,
        0.028096002196727584,
        0.03823275883418424,
        0.05202675590063648,
        0.07079748917109939,
        0.09634051530148577
      ],
      "residence": {
        "knot_count": 2.0,
        "max_residence": 3.3,
        "mean_residence": 2.4921052631578946,
        "visited_voxels": 4.0
      },
      "seed": 5
    }
  ],
  "sample_every": 200,
  "seed_list": [
    1,
    2,
    3,
    4,
    5
  ],
  "steps": 20000,
  "steps_per_second": 1510.0408642126993,
  "voxel_size": 0.5
}