{
  "D_cov_stats": {
    "ci_95_hi": 6.406927340594135,
    "ci_95_lo": 6.089677006755549,
    "mean": 6.266545203215527,
    "std": 0.2030782942421254
  },
  "D_occ_stats": {
    "ci_95_hi": 0.021868283846253722,
    "ci_95_lo": 0.0090047648981865,
    "mean": 0.016444335996654215,
    "std": 0.00870869368952152
  },
  "burn_in": 0,
  "elapsed_seconds": 66.04824870001175,
  "fast_mode": false,
  "max_memory": 3000,
  "n_seeds": 5,
  "regime": {
    "alpha": 0.002,
    "amplitude_att": 0.35,
    "amplitude_rep": 1.0,
    "dim": 7,
    "epsilon": 0.03,
    "eta": 0.25,
    "memory_factor": 6.0,
    "sigma_att": 3.0,
    "sigma_rep": 1.0
  },
  "runs": [
    {
      "D_cov": 5.947664042843347,
      "D_occ": 0.0017794926444001798,
      "n_samples": 100,
      "occupancy_counts": [
        100.0,
        100.0,
        100.0,
        100.0,
        100.0,
        100.0,
        100.0,
        100.0,
        100.0,
        99.0
      ],
      "occupancy_scales": [
        0.004355284617410272,
        0.005926627755285186,
        0.008064895784147996,
        0.010974629535517083,
        0.014934166127550013,
        0.020322263927312956,
        0.027654333533191945,
        0.03763174053345454,
        0.05120889620708172,
        0.06968455387856436
      ],
      "residence": {
        "knot_count": 4.0,
        "max_residence": 1.5769230769230769,
        "mean_residence": 1.3508410449199921,
        "visited_voxels": 6.0
      },
      "seed": 1
    },
    {
      "D_cov": 6.374095048420692,
      "D_occ": 0.020038974939153666,
      "n_samples": 100,
      "occupancy_counts": [
        100.0,
        100.0,
        100.0,
        100.0,
        100.0,
        100.0,
        100.0,
        100.0,
        99.0,
        90.0
      ],
      "occupancy_scales": [
        0.004515804000227988,
        0.006145060926257698,
        0.008362137458913768,
        0.011379113034173431,
        0.015484583227757118,
        0.021071266013199762,
        0.028673568081776447,
        0.03901870471500058,
        0.0530962631959296,
        0.0722528640036478
      ],
      "residence": {
        "knot_count": 2.0,
        "max_residence": 6.071428571428571,
        "mean_residence": 3.581168831168831,
        "visited_voxels": 5.0
      },
      "seed": 2
    },
    {
      "D_cov": 6.405574019565887,
      "D_occ": 0.024017974474127034,
      "n_samples": 100,
      "occupancy_counts": [
        100.0,
        100.0,
        100.0,
        100.0,
        100.0,
        100.0,
        100.0,
        100.0,
        99.0,
        88.0
      ],
      "occupancy_scales": [
        0.005012122205010475,
        0.006820445776230202,
        0.009281194409025625,
        0.012629756541476406,
        0.017186446406278016,
        0.02338714440819598,
        0.031824992243307204,
        0.04330713120031955,
        0.0589319110736346,
        0.0801939552801676
      ],
      "residence": {
        "knot_count": 4.0,
        "max_residence": 3.6315789473684212,
        "mean_residence": 1.774561403508772,
        "visited_voxels": 6.0
      },
      "seed": 3
    },
    {
      "D_cov": 6.180696097538604,
      "D_occ": 0.01575199025365976,
      "n_samples": 100,
      "occupancy_counts": [
        100.0,
        100.0,
        100.0,
        100.0,
        100.0,
        100.0,
        100.0,
        99.0,
        100.0,
        92.0
      ],
      "occupancy_scales": [
        0.0045821044440808945,
        0.006235281907259854,
        0.008484909267667425,
        0.011546179683828728,
        0.01571192585397068,
        0.02138063158556456,
        0.029094549659048702,
        0.0395915722356103,
        0.053875815589399995,
        0.07331367110529431
      ],
      "residence": {
        "knot_count": 4.0,
        "max_residence": 2.772727272727273,
        "mean_residence": 1.5741341991341993,
        "visited_voxels": 4.0
      },
      "seed": 4
    },
    {
      "D_cov": 6.424696807709103,
      "D_occ": 0.020633247671930435,
      "n_samples": 100,
      "occupancy_counts": [
        100.0,
        100.0,
        100.0,
        100.0,
        100.0,
        100.0,
        100.0,
        100.0,
        100.0,
        89.0
      ],
      "occupancy_scales": [
        0.005067781022276292,
        0.006896185738187063,
        0.009384260591870109,
        0.012770007972447322,
        0.017377299151053387,
        0.023646854914792136,
        0.03217840370362346,
        0.04378804998146493,
        0.059586340541913294,
        0.08108449635642068
      ],
      "residence": {
        "knot_count": 2.0,
        "max_residence": 3.0952380952380953,
        "mean_residence": 2.380952380952381,
        "visited_voxels": 2.0
      },
      "seed": 5
    }
  ],
  "sample_every": 200,
  "seed_list": [
    1,
    2,
    3,
    4,
    5
  ],
  "steps": 20000,
  "steps_per_second": 1514.044686547188,
  "voxel_size": 0.5
}