{
  "D_cov_stats": {
    "ci_95_hi": 4.478568922921502,
    "ci_95_lo": 3.2556288595390717,
    "mean": 3.843135566134378,
    "std": 0.776658575208665
  },
  "D_occ_stats": {
    "ci_95_hi": 0.036080127630625715,
    "ci_95_lo": 0.017891319326702237,
    "mean": 0.02498771379299836,
    "std": 0.012565472472897507
  },
  "burn_in": 0,
  "elapsed_seconds": 28.591528899996774,
  "fast_mode": false,
  "max_memory": 3000,
  "n_seeds": 5,
  "regime": {
    "alpha": 0.006,
    "amplitude_att": 0.35,
    "amplitude_rep": 1.0,
    "dim": 7,
    "epsilon": 0.03,
    "eta": 0.15,
    "memory_factor": 6.0,
    "sigma_att": 3.0,
    "sigma_rep": 1.0
  },
  "runs": [
    {
      "D_cov": 3.17605010934092,
      "D_occ": 0.020038974939154124,
      "n_samples": 100,
      "occupancy_counts": [
        100.0,
        100.0,
        100.0,
        100.0,
        100.0,
        100.0,
        100.0,
        100.0,
        99.0,
        90.0
      ],
      "occupancy_scales": [
        0.007741231299350349,
        0.01053419014119285,
        0.014334820604070738,
        0.01950668053231309,
        0.026544495804967844,
        0.03612148445107094,
        0.0491537548324716,
        0.0668879380470503,
        0.0910204372267093,
        0.12385970078960558
      ],
      "residence": {
        "knot_count": 11.0,
        "max_residence": 1.5,
        "mean_residence": 1.262121212121212,
        "visited_voxels": 25.0
      },
      "seed": 1
    },
    {
      "D_cov": 4.370839625708396,
      "D_occ": 0.046774229424940104,
      "n_samples": 100,
      "occupancy_counts": [
        100.0,
        100.0,
        100.0,
        100.0,
        100.0,
        100.0,
        100.0,
        100.0,
        98.0,
        78.0
      ],
      "occupancy_scales": [
        0.00953536373027665,
        0.01297562761218591,
        0.017657104300649113,
        0.0240276109643593,
        0.03269653272838035,
        0.044493114777154216,
        0.06054578566536229,
        0.08239009968612614,
        0.11211562376625052,
        0.1525658196844264
      ],
      "residence": {
        "knot_count": 8.0,
        "max_residence": 2.111111111111111,
        "mean_residence": 1.268124236874237,
        "visited_voxels": 13.0
      },
      "seed": 2
    },
    {
      "D_cov": 4.948651626519398,
      "D_occ": 0.02341539884852191,
      "n_samples": 100,
      "occupancy_counts": [
        100.0,
        100.0,
        100.0,
        100.0,
        100.0,
        100.0,
        100.0,
        100.0,
        98.0,
        89.0
      ],
      "occupancy_scales": [
        0.008201506671560417,
        0.011160528265022859,
        0.015187135259706596,
        0.020666501792704423,
        0.02812276897809801,
        0.038269182802609956,
        0.05207632127263686,
        0.07086493723367242,
        0.0964322979505663,
        0.13122410674496668
      ],
      "residence": {
        "knot_count": 7.0,
        "max_residence": 1.8695652173913044,
        "mean_residence": 1.3674208813960367,
        "visited_voxels": 11.0
      },
      "seed": 3
    },
    {
      "D_cov": 3.3451394842668747,
      "D_occ": 0.014763383228991544,
      "n_samples": 100,
      "occupancy_counts": [
        100.0,
        100.0,
        100.0,
        100.0,
        100.0,
        100.0,
        100.0,
        100.0,
        100.0,
        92.0
      ],
      "occupancy_scales": [
        0.008028642508984126,
        0.010925296441200516,
        0.014867034146126371,
        0.02023091139829978,
        0.027530021925220163,
        0.03746257854042095,
        0.05097870225855205,
        0.06937130825530455,
        0.09439978257283263,
        0.12845828014374602
      ],
      "residence": {
        "knot_count": 9.0,
        "max_residence": 2.125,
        "mean_residence": 1.3138888888888889,
        "visited_voxels": 19.0
      },
      "seed": 4
    },
    {
      "D_cov": 3.3749969848362995,
      "D_occ": 0.01994658252338412,
      "n_samples": 100,
      "occupancy_counts": [
        100.0,
        100.0,
        100.0,
        100.0,
        100.0,
        100.0,
        100.0,
        99.0,
        97.0,
        92.0
      ],
      "occupancy_scales": [
        0.008644603092024592,
        0.011763489443103563,
        0.01600763880133218,
        0.021783034807256175,
        0.02964213593916459,
        0.04033672216982469,
        0.05488980816850955,
        0.07469350206719763,
        0.10164217069104668,
        0.13831364947239347
      ],
      "residence": {
        "knot_count": 5.0,
        "max_residence": 2.7222222222222223,
        "mean_residence": 1.9169719169719173,
        "visited_voxels": 9.0
      },
      "seed": 5
    }
  ],
  "sample_every": 200,
  "seed_list": [
    1,
    2,
    3,
    4,
    5
  ],
  "steps": 20000,
  "steps_per_second": 3497.539440782101,
  "voxel_size": 0.5
}