{
  "D_cov_stats": {
    "ci_95_hi": 6.285079279828689,
    "ci_95_lo": 5.85804317377954,
    "mean": 6.084845395259506,
    "std": 0.2738729404424021
  },
  "D_occ_stats": {
    "ci_95_hi": 0.02657015544823361,
    "ci_95_lo": 0.013020177222926721,
    "mean": 0.01919216800041936,
    "std": 0.009012502664106886
  },
  "burn_in": 0,
  "elapsed_seconds": 65.55608460001531,
  "fast_mode": false,
  "max_memory": 3000,
  "n_seeds": 5,
  "regime": {
    "alpha": 0.002,
    "amplitude_att": 0.35,
    "amplitude_rep": 1.0,
    "dim": 7,
    "epsilon": 0.02,
    "eta": 0.15,
    "memory_factor": 6.0,
    "sigma_att": 3.0,
    "sigma_rep": 1.0
  },
  "runs": [
    {
      "D_cov": 5.691416419406117,
      "D_occ": 0.01046593937536091,
      "n_samples": 100,
      "occupancy_counts": [
        100.0,
        100.0,
        100.0,
        100.0,
        100.0,
        100.0,
        100.0,
        100.0,
        99.0,
        95.0
      ],
      "occupancy_scales": [
        0.0038731899625857593,
        0.005270598169862468,
        0.0071721772844862185,
        0.009759827128206663,
        0.01328107515949424,
        0.01807275426860408,
        0.024593223284325227,
        0.03346621231736542,
        0.04554048706518342,
        0.06197103940137215
      ],
      "residence": {
        "knot_count": 4.0,
        "max_residence": 1.8,
        "mean_residence": 1.375,
        "visited_voxels": 7.0
      },
      "seed": 1
    },
    {
      "D_cov": 6.252675788300212,
      "D_occ": 0.014703559859577449,
      "n_samples": 100,
      "occupancy_counts": [
        100.0,
        100.0,
        100.0,
        100.0,
        100.0,
        100.0,
        100.0,
        100.0,
        96.0,
        95.0
      ],
      "occupancy_scales": [
        0.0038261801011046986,
        0.005206627620449463,
        0.007085126800539339,
        0.00964136970014141,
        0.013119879475936663,
        0.017853400794347656,
        0.024294729270053564,
        0.03306002464763263,
        0.04498775094601691,
        0.06121888161767518
      ],
      "residence": {
        "knot_count": 2.0,
        "max_residence": 3.0,
        "mean_residence": 2.263157894736842,
        "visited_voxels": 7.0
      },
      "seed": 2
    },
    {
      "D_cov": 6.403617794496394,
      "D_occ": 0.03317844016382049,
      "n_samples": 100,
      "occupancy_counts": [
        100.0,
        100.0,
        100.0,
        100.0,
        100.0,
        100.0,
        100.0,
        100.0,
        94.0,
        87.0
      ],
      "occupancy_scales": [
        0.0043871625093913225,
        0.005970006871919637,
        0.008123925652280555,
        0.01105495678978348,
        0.015043474651897192,
        0.020471009874178412,
        0.027856745530252927,
        0.03790718075497045,
        0.05158371250616638,
        0.07019460015026116
      ],
      "residence": {
        "knot_count": 4.0,
        "max_residence": 3.3333333333333335,
        "mean_residence": 1.6875000000000002,
        "visited_voxels": 5.0
      },
      "seed": 3
    },
    {
      "D_cov": 5.963707740544573,
      "D_occ": 0.02284951737434569,
      "n_samples": 100,
      "occupancy_counts": [
        100.0,
        100.0,
        100.0,
        100.0,
        100.0,
        100.0,
        100.0,
        100.0,
        97.0,
        90.0
      ],
      "occupancy_scales": [
        0.004303501142408323,
        0.005856161320328255,
        0.007969005764110665,
        0.010844143355133761,
        0.01475660183812344,
        0.020080636217873205,
        0.027325528962421294,
        0.03718430656153821,
        0.050600032532359666,
        0.06885601827853317
      ],
      "residence": {
        "knot_count": 5.0,
        "max_residence": 2.409090909090909,
        "mean_residence": 1.446524064171123,
        "visited_voxels": 8.0
      },
      "seed": 4
    },
    {
      "D_cov": 6.112809233550233,
      "D_occ": 0.014763383228992268,
      "n_samples": 100,
      "occupancy_counts": [
        100.0,
        100.0,
        100.0,
        100.0,
        100.0,
        100.0,
        100.0,
        100.0,
        100.0,
        92.0
      ],
      "occupancy_scales": [
        0.003990924826203949,
        0.005430810594945999,
        0.007390192750443574,
        0.010056500394164789,
        0.013684785173129125,
        0.018622118818128693,
        0.02534079306976861,
        0.03448349780582927,
        0.046924798985207544,
        0.06385479721926318
      ],
      "residence": {
        "knot_count": 2.0,
        "max_residence": 3.210526315789474,
        "mean_residence": 2.605263157894737,
        "visited_voxels": 3.0
      },
      "seed": 5
    }
  ],
  "sample_every": 200,
  "seed_list": [
    1,
    2,
    3,
    4,
    5
  ],
  "steps": 20000,
  "steps_per_second": 1525.4114184845116,
  "voxel_size": 0.5
}