{
  "D_cov": 4.15338643282862,
  "D_occ": 0.20388964871653523,
  "burn_in": 0,
  "elapsed_seconds": 103.2588367999997,
  "fast_mode": false,
  "legacy_regime": {
    "alpha": 0.002,
    "amplitude_att": 0.35,
    "amplitude_rep": 1.0,
    "dim": 7,
    "epsilon": 0.03,
    "eta": 0.15,
    "memory_factor": 6.0,
    "sigma_att": 3.0,
    "sigma_rep": 1.0
  },
  "max_memory": 3000,
  "n_samples": 500,
  "occupancy_details": {
    "counts": [
      500.0,
      500.0,
      500.0,
      500.0,
      500.0,
      500.0,
      500.0,
      500.0,
      499.0,
      496.0,
      481.0,
      454.0,
      379.0,
      292.0,
      207.0
    ],
    "scales": [
      0.011203905968169732,
      0.013657714355621917,
      0.016648940284727593,
      0.020295285535117894,
      0.024740230183287294,
      0.0301586784015889,
      0.036763840764298464,
      0.04481562387267893,
      0.054630857422487654,
      0.06659576113891036,
      0.08118114214047151,
      0.09896092073314909,
      0.12063471360635557,
      0.14705536305719383,
      0.1792624954907157
    ]
  },
  "residence": {
    "knot_count": 16.0,
    "max_residence": 2.1818181818181817,
    "mean_residence": 1.2390858712956927,
    "visited_voxels": 28.0
  },
  "sample_every": 200,
  "seed": 1,
  "steps": 100000,
  "steps_per_second": 968.4401170786798
}