{
  "D_cov_stats": {
    "ci_95_hi": 4.100070096493878,
    "ci_95_lo": 2.953513990596695,
    "mean": 3.5006144791804426,
    "std": 0.7259713439483573
  },
  "D_occ_stats": {
    "ci_95_hi": 0.04537810122386372,
    "ci_95_lo": 0.022950179832135854,
    "mean": 0.03293604591890277,
    "std": 0.014501512800456447
  },
  "burn_in": 0,
  "elapsed_seconds": 27.509576800017385,
  "fast_mode": false,
  "max_memory": 3000,
  "n_seeds": 5,
  "regime": {
    "alpha": 0.007,
    "amplitude_att": 0.35,
    "amplitude_rep": 1.0,
    "dim": 7,
    "epsilon": 0.03,
    "eta": 0.15,
    "memory_factor": 6.0,
    "sigma_att": 3.0,
    "sigma_rep": 1.0
  },
  "runs": [
    {
      "D_cov": 2.876442339744945,
      "D_occ": 0.02263392463959274,
      "n_samples": 100,
      "occupancy_counts": [
        100.0,
        100.0,
        100.0,
        100.0,
        100.0,
        100.0,
        100.0,
        100.0,
        100.0,
        88.0
      ],
      "occupancy_scales": [
        0.008479292393149105,
        0.011538536297151965,
        0.015701524809813475,
        0.021366477948684064,
        0.029075289531515607,
        0.03956536324666118,
        0.05384015065932335,
        0.0732651386250891,
        0.09969846800241075,
        0.13566867829038567
      ],
      "residence": {
        "knot_count": 8.0,
        "max_residence": 1.9230769230769231,
        "mean_residence": 1.3796703296703297,
        "visited_voxels": 37.0
      },
      "seed": 1
    },
    {
      "D_cov": 3.961010025788274,
      "D_occ": 0.056270570350708225,
      "n_samples": 100,
      "occupancy_counts": [
        100.0,
        100.0,
        100.0,
        100.0,
        100.0,
        100.0,
        100.0,
        100.0,
        93.0,
        77.0
      ],
      "occupancy_scales": [
        0.010442501737729896,
        0.014210051941506393,
        0.01933689658396039,
        0.02631345550585938,
        0.03580708712240684,
        0.04872592609154394,
        0.06630575297460879,
        0.09022820560188008,
        0.12278163991671612,
        0.16708002780367834
      ],
      "residence": {
        "knot_count": 9.0,
        "max_residence": 1.7222222222222223,
        "mean_residence": 1.2659611992945325,
        "visited_voxels": 16.0
      },
      "seed": 2
    },
    {
      "D_cov": 4.554299372312058,
      "D_occ": 0.037185739894956514,
      "n_samples": 100,
      "occupancy_counts": [
        100.0,
        100.0,
        100.0,
        100.0,
        100.0,
        100.0,
        100.0,
        100.0,
        97.0,
        83.0
      ],
      "occupancy_scales": [
        0.00896888210645128,
        0.0122047650832018,
        0.01660812227969841,
        0.02260016671988687,
        0.0307540808746958,
        0.0418498457188401,
        0.0569488515630381,
        0.07749542772839717,
        0.105455003112039,
        0.14350211370322047
      ],
      "residence": {
        "knot_count": 8.0,
        "max_residence": 2.0,
        "mean_residence": 1.4292200854700856,
        "visited_voxels": 13.0
      },
      "seed": 3
    },
    {
      "D_cov": 3.0691214668743205,
      "D_occ": 0.02089305517223742,
      "n_samples": 100,
      "occupancy_counts": [
        100.0,
        100.0,
        100.0,
        100.0,
        100.0,
        100.0,
        100.0,
        100.0,
        97.0,
        91.0
      ],
      "occupancy_scales": [
        0.008873727834833985,
        0.012075280101911114,
        0.016431920411985275,
        0.02236039298029079,
        0.03042779916754904,
        0.04140584483451496,
        0.05634465959957984,
        0.07667324934633746,
        0.10433619099137259,
        0.14197964535734375
      ],
      "residence": {
        "knot_count": 9.0,
        "max_residence": 2.142857142857143,
        "mean_residence": 1.4113756613756612,
        "visited_voxels": 24.0
      },
      "seed": 4
    },
    {
      "D_cov": 3.0421991911826156,
      "D_occ": 0.027696939537018954,
      "n_samples": 100,
      "occupancy_counts": [
        100.0,
        100.0,
        100.0,
        100.0,
        100.0,
        100.0,
        100.0,
        100.0,
        95.0,
        89.0
      ],
      "occupancy_scales": [
        0.009384021521611694,
        0.01276968264803033,
        0.01737685645283993,
        0.023646252495490183,
        0.032177583937461444,
        0.04378693445186919,
        0.05958482254039453,
        0.0810824306751337,
        0.11033616085255407,
        0.1501443443457871
      ],
      "residence": {
        "knot_count": 6.0,
        "max_residence": 2.4705882352941178,
        "mean_residence": 1.6042250233426705,
        "visited_voxels": 9.0
      },
      "seed": 5
    }
  ],
  "sample_every": 200,
  "seed_list": [
    1,
    2,
    3,
    4,
    5
  ],
  "steps": 20000,
  "steps_per_second": 3635.0977234930347,
  "voxel_size": 0.5
}