{
  "D_cov_stats": {
    "ci_95_hi": 6.401776312887551,
    "ci_95_lo": 5.677900531358497,
    "mean": 6.108197823430537,
    "std": 0.3808123685129458
  },
  "D_occ_stats": {
    "ci_95_hi": 0.03465130767273828,
    "ci_95_lo": 0.010465939375360613,
    "mean": 0.01915227794363711,
    "std": 0.01345520644804583
  },
  "burn_in": 0,
  "elapsed_seconds": 39.37799599999562,
  "fast_mode": false,
  "legacy_regime": {
    "alpha": 0.002,
    "amplitude_att": 0.35,
    "amplitude_rep": 1.0,
    "dim": 7,
    "epsilon": 0.03,
    "eta": 0.15,
    "memory_factor": 6.0,
    "sigma_att": 3.0,
    "sigma_rep": 1.0
  },
  "max_memory": 3000,
  "n_seeds": 3,
  "runs": [
    {
      "D_cov": 5.677900531358497,
      "D_occ": 0.012339586782812445,
      "n_samples": 100,
      "occupancy_counts": [
        100.0,
        100.0,
        100.0,
        100.0,
        100.0,
        100.0,
        100.0,
        100.0,
        99.0,
        94.0
      ],
      "occupancy_scales": [
        0.005891552588439126,
        0.008017165847849426,
        0.010909679115493029,
        0.014845782245474162,
        0.020201992024407544,
        0.027490668730416303,
        0.03740902710645696,
        0.05090583000271884,
        0.06927214441827656,
        0.09426484141502602
      ],
      "residence": {
        "knot_count": 4.0,
        "max_residence": 1.75,
        "mean_residence": 1.3625,
        "visited_voxels": 9.0
      },
      "seed": 1
    },
    {
      "D_cov": 6.244916626045563,
      "D_occ": 0.010465939375360613,
      "n_samples": 100,
      "occupancy_counts": [
        100.0,
        100.0,
        100.0,
        100.0,
        100.0,
        100.0,
        100.0,
        100.0,
        99.0,
        95.0
      ],
      "occupancy_scales": [
        0.005806338992456018,
        0.007901208038556715,
        0.01075188488816538,
        0.014631057438841447,
        0.01990979665475237,
        0.027093052193292288,
        0.036867954498834635,
        0.0501695438088981,
        0.06827021352845886,
        0.09290142387929629
      ],
      "residence": {
        "knot_count": 4.0,
        "max_residence": 2.6666666666666665,
        "mean_residence": 1.4916666666666667,
        "visited_voxels": 10.0
      },
      "seed": 2
    },
    {
      "D_cov": 6.401776312887551,
      "D_occ": 0.03465130767273828,
      "n_samples": 100,
      "occupancy_counts": [
        100.0,
        100.0,
        100.0,
        100.0,
        100.0,
        100.0,
        100.0,
        100.0,
        93.0,
        87.0
      ],
      "occupancy_scales": [
        0.006791001735786549,
        0.009241127253225177,
        0.012575233556527727,
        0.017112252073580195,
        0.023286181502191177,
        0.0316876029304273,
        0.04312017319722176,
        0.05867750049256655,
        0.07984775590551164,
        0.10865602777258479
      ],
      "residence": {
        "knot_count": 5.0,
        "max_residence": 2.9130434782608696,
        "mean_residence": 1.4133779264214046,
        "visited_voxels": 6.0
      },
      "seed": 3
    }
  ],
  "sample_every": 200,
  "seed_list": [
    1,
    2,
    3
  ],
  "steps": 20000,
  "steps_per_second": 1523.6935876576013,
  "voxel_size": 0.5
}