{
  "D_cov": 2.7209216587611116,
  "D_occ": NaN,
  "burn_in": 0,
  "elapsed_seconds": 12.851748899993254,
  "max_memory": 3000,
  "n_samples": 10,
  "residence": {
    "knot_count": 2.0,
    "max_residence": 1.5,
    "mean_residence": 1.375,
    "visited_voxels": 4.0
  },
  "sample_every": 2000,
  "seed": 1,
  "steps": 20000,
  "steps_per_second": 1556.2084316797147
}