{
  "D_cov": 4.15338643282862,
  "D_occ": 0.22325994846586664,
  "burn_in": 0,
  "elapsed_seconds": 96.61116970001603,
  "fast_mode": false,
  "legacy_regime": {
    "alpha": 0.002,
    "amplitude_att": 0.35,
    "amplitude_rep": 1.0,
    "dim": 7,
    "epsilon": 0.03,
    "eta": 0.15,
    "memory_factor": 6.0,
    "sigma_att": 3.0,
    "sigma_rep": 1.0
  },
  "max_memory": 3000,
  "n_samples": 500,
  "residence": {
    "knot_count": 16.0,
    "max_residence": 2.1818181818181817,
    "mean_residence": 1.2390858712956927,
    "visited_voxels": 28.0
  },
  "sample_every": 200,
  "seed": 1,
  "steps": 100000,
  "steps_per_second": 1035.0770031095421
}