{
  "D_cov": 3.933322609422875,
  "D_occ": 0.01856445810744932,
  "burn_in": 0,
  "elapsed_seconds": 96.51970090001123,
  "fast_mode": false,
  "legacy_regime": {
    "alpha": 0.002,
    "amplitude_att": 0.35,
    "amplitude_rep": 1.0,
    "dim": 7,
    "epsilon": 0.03,
    "eta": 0.15,
    "memory_factor": 6.0,
    "sigma_att": 3.0,
    "sigma_rep": 1.0
  },
  "max_memory": 3000,
  "n_samples": 50,
  "residence": {
    "knot_count": 7.0,
    "max_residence": 3.0,
    "mean_residence": 1.5948979591836736,
    "visited_voxels": 11.0
  },
  "sample_every": 2000,
  "seed": 1,
  "steps": 100000,
  "steps_per_second": 1036.0579142655463
}