{
  "D_cov": 2.2276776340219757,
  "D_occ": 1.1747915609081168,
  "burn_in": 5000,
  "n_samples": 901,
  "residence": {
    "knot_count": 13.0,
    "max_residence": 4.416666666666667,
    "mean_residence": 2.646398358674573,
    "visited_voxels": 13.0
  },
  "sample_every": 50,
  "seed": 5,
  "steps": 50000
}