{
  "aggregate": [
    {
      "comoving_inside_fraction_median": 0.9999575392918812,
      "comoving_inside_fraction_q1": 0.9973580003837191,
      "comoving_inside_fraction_q3": 0.999985846430627,
      "comoving_max_run_memory_times_median": 3178.37,
      "comoving_max_run_memory_times_q1": 3109.28,
      "comoving_max_run_memory_times_q3": 3179.1249999999995,
      "condition": "baseline",
      "fixed_voxel_residence_median": 156.875,
      "fixed_voxel_residence_q1": 98.4,
      "fixed_voxel_residence_q3": 198.57142857142858,
      "n_seeds": 5,
      "target_radius_ratio": 0.03,
      "x_distance_to_rms_radius_median": 0.9457236569090646,
      "x_distance_to_rms_radius_q1": 0.8746643727836343,
      "x_distance_to_rms_radius_q3": 0.9576842032486369
    },
    {
      "comoving_inside_fraction_median": 0.9999606845295196,
      "comoving_inside_fraction_q1": 0.9973611456213575,
      "comoving_inside_fraction_q3": 0.9999889916682655,
      "comoving_max_run_memory_times_median": 3178.37,
      "comoving_max_run_memory_times_q1": 3109.28,
      "comoving_max_run_memory_times_q3": 3179.1249999999995,
      "condition": "baseline",
      "fixed_voxel_residence_median": 72.0,
      "fixed_voxel_residence_q1": 58.70967741935484,
      "fixed_voxel_residence_q3": 87.27272727272727,
      "n_seeds": 5,
      "target_radius_ratio": 0.1,
      "x_distance_to_rms_radius_median": 0.9475796897266902,
      "x_distance_to_rms_radius_q1": 0.8760496129524009,
      "x_distance_to_rms_radius_q3": 0.9644499258442454
    },
    {
      "comoving_inside_fraction_median": 0.999985846430627,
      "comoving_inside_fraction_q1": 0.9999575392918812,
      "comoving_inside_fraction_q3": 0.9999968547623616,
      "comoving_max_run_memory_times_median": 3179.1249999999995,
      "comoving_max_run_memory_times_q1": 3178.37,
      "comoving_max_run_memory_times_q3": 3179.4,
      "condition": "baseline",
      "fixed_voxel_residence_median": 30.0,
      "fixed_voxel_residence_q1": 30.0,
      "fixed_voxel_residence_q3": 30.0,
      "n_seeds": 5,
      "target_radius_ratio": 0.3,
      "x_distance_to_rms_radius_median": 0.927005211121125,
      "x_distance_to_rms_radius_q1": 0.8799580905507156,
      "x_distance_to_rms_radius_q3": 0.9720022515045075
    },
    {
      "comoving_inside_fraction_median": 0.9999968547623616,
      "comoving_inside_fraction_q1": 0.9999512488166045,
      "comoving_inside_fraction_q3": 0.9999968547623616,
      "comoving_max_run_memory_times_median": 3179.4,
      "comoving_max_run_memory_times_q1": 3178.225,
      "comoving_max_run_memory_times_q3": 3179.4,
      "condition": "eta_zero",
      "fixed_voxel_residence_median": 30.0,
      "fixed_voxel_residence_q1": 30.0,
      "fixed_voxel_residence_q3": 30.0,
      "n_seeds": 5,
      "target_radius_ratio": 0.03,
      "x_distance_to_rms_radius_median": 1.0334620934363858,
      "x_distance_to_rms_radius_q1": 1.0154156909615932,
      "x_distance_to_rms_radius_q3": 1.057543593341427
    },
    {
      "comoving_inside_fraction_median": 0.9999968547623616,
      "comoving_inside_fraction_q1": 0.9999543940542428,
      "comoving_inside_fraction_q3": 1.0,
      "comoving_max_run_memory_times_median": 3179.4,
      "comoving_max_run_memory_times_q1": 3178.225,
      "comoving_max_run_memory_times_q3": 3179.41,
      "condition": "eta_zero",
      "fixed_voxel_residence_median": 0.0,
      "fixed_voxel_residence_q1": 0.0,
      "fixed_voxel_residence_q3": 0.0,
      "n_seeds": 5,
      "target_radius_ratio": 0.1,
      "x_distance_to_rms_radius_median": 1.030003073237021,
      "x_distance_to_rms_radius_q1": 1.0154156909615941,
      "x_distance_to_rms_radius_q3": 1.0573370305841276
    },
    {
      "comoving_inside_fraction_median": 0.9999968547623616,
      "comoving_inside_fraction_q1": 0.9999512488166045,
      "comoving_inside_fraction_q3": 0.9999968547623616,
      "comoving_max_run_memory_times_median": 3179.4,
      "comoving_max_run_memory_times_q1": 3178.225,
      "comoving_max_run_memory_times_q3": 3179.4,
      "condition": "eta_zero",
      "fixed_voxel_residence_median": 0.0,
      "fixed_voxel_residence_q1": 0.0,
      "fixed_voxel_residence_q3": 0.0,
      "n_seeds": 5,
      "target_radius_ratio": 0.3,
      "x_distance_to_rms_radius_median": 1.0334620934363876,
      "x_distance_to_rms_radius_q1": 1.015415690961595,
      "x_distance_to_rms_radius_q3": 1.0575435933414763
    }
  ],
  "description": "Post-hoc residence scale reconciliation.",
  "endpoint_changes": [
    {
      "comoving_inside_fraction_change": 0.0,
      "comoving_log2_ratio": 0.0,
      "condition": "baseline",
      "fixed_voxel_log2_ratio": -2.386581053229616,
      "seed": 1,
      "x_distance_to_rms_radius_change": -0.005897072837327877
    },
    {
      "comoving_inside_fraction_change": 0.0,
      "comoving_log2_ratio": 0.0,
      "condition": "baseline",
      "fixed_voxel_log2_ratio": -1.713695814843359,
      "seed": 2,
      "x_distance_to_rms_radius_change": -0.018718445787939575
    },
    {
      "comoving_inside_fraction_change": 0.0,
      "comoving_log2_ratio": 0.0,
      "condition": "baseline",
      "fixed_voxel_log2_ratio": -0.6214883767462701,
      "seed": 3,
      "x_distance_to_rms_radius_change": -0.011878258977923828
    },
    {
      "comoving_inside_fraction_change": 0.0,
      "comoving_log2_ratio": 0.0,
      "condition": "baseline",
      "fixed_voxel_log2_ratio": -2.726623649944747,
      "seed": 4,
      "x_distance_to_rms_radius_change": 0.014318048255870575
    },
    {
      "comoving_inside_fraction_change": 0.02300741332511369,
      "comoving_log2_ratio": 0.308196411938704,
      "condition": "baseline",
      "fixed_voxel_log2_ratio": -2.9448584458075393,
      "seed": 5,
      "x_distance_to_rms_radius_change": 0.0052937177670813185
    },
    {
      "comoving_inside_fraction_change": 0.0,
      "comoving_log2_ratio": 0.0,
      "condition": "eta_zero",
      "fixed_voxel_log2_ratio": null,
      "seed": 1,
      "x_distance_to_rms_radius_change": 1.7763568394002505e-15
    },
    {
      "comoving_inside_fraction_change": 0.0,
      "comoving_log2_ratio": 0.0,
      "condition": "eta_zero",
      "fixed_voxel_log2_ratio": null,
      "seed": 2,
      "x_distance_to_rms_radius_change": 0.0
    },
    {
      "comoving_inside_fraction_change": 0.0,
      "comoving_log2_ratio": 0.0,
      "condition": "eta_zero",
      "fixed_voxel_log2_ratio": null,
      "seed": 3,
      "x_distance_to_rms_radius_change": 4.929390229335695e-14
    },
    {
      "comoving_inside_fraction_change": 0.0,
      "comoving_log2_ratio": 0.0,
      "condition": "eta_zero",
      "fixed_voxel_log2_ratio": null,
      "seed": 4,
      "x_distance_to_rms_radius_change": 1.7763568394002505e-15
    },
    {
      "comoving_inside_fraction_change": 0.0,
      "comoving_log2_ratio": 0.0,
      "condition": "eta_zero",
      "fixed_voxel_log2_ratio": null,
      "seed": 5,
      "x_distance_to_rms_radius_change": -1.9984014443252818e-15
    }
  ],
  "generated_utc": "2026-07-19T10:05:02Z",
  "git_revision": "5c40d7bbd77faed6a96dcd4a7733df23704edecf",
  "git_status": "",
  "reading": {
    "median_absolute_comoving_inside_fraction_change": 0.0,
    "median_absolute_comoving_log2_change": 0.0,
    "median_absolute_memory_dimension_change": 0.005866658691914939,
    "median_absolute_memory_roundness_change": 0.01057730648137778,
    "median_absolute_radius_departure": 0.06239010554664026,
    "post_hoc_reading": "weak_smooth_correction_without_metastable_transition",
    "pre_registered_classification": "inconclusive",
    "stable_comoving_residence": true,
    "stable_shape": true
  },
  "records": [
    {
      "comoving_inside_fraction": 0.9999968547623616,
      "comoving_max_run_memory_times": 3179.4,
      "condition": "baseline",
      "fixed_voxel_residence": 156.875,
      "seed": 1,
      "target_radius_ratio": 0.03,